[
    {
        "orderId": "order1",
        "orderDate": "2023-06-12T12:06:16.668Z",
        "customerId": "customer1",
        "products": [
            {
                "productId": "product1-1",
                "productName": "Product 1 - 1",
                "price": 934,
                "quantity": 9
            },
            {
                "productId": "product1-2",
                "productName": "Product 1 - 2",
                "price": 934,
                "quantity": 8
            }
        ],
        "status": {
            "code": "dispatched",
            "name": "Dispatched"
        }
    },
    {
        "orderId": "order2",
        "orderDate": "2023-06-12T12:06:16.668Z",
        "customerId": "customer2",
        "products": [
            {
                "productId": "product2-1",
                "productName": "Product 2 - 1",
                "price": 109,
                "quantity": 9
            },
            {
                "productId": "product2-2",
                "productName": "Product 2 - 2",
                "price": 109,
                "quantity": 1
            }
        ],
        "status": {
            "code": "processing",
            "name": "Processing"
        }
    },
    {
        "orderId": "order3",
        "orderDate": "2023-06-12T12:06:16.668Z",
        "customerId": "customer3",
        "products": [
            {
                "productId": "product3-1",
                "productName": "Product 3 - 1",
                "price": 996,
                "quantity": 8
            },
            {
                "productId": "product3-2",
                "productName": "Product 3 - 2",
                "price": 996,
                "quantity": 10
            }
        ],
        "status": {
            "code": "processing",
            "name": "Processing"
        }
    },
    {
        "orderId": "order4",
        "orderDate": "2023-06-12T12:06:16.668Z",
        "customerId": "customer4",
        "products": [
            {
                "productId": "product4-1",
                "productName": "Product 4 - 1",
                "price": 12,
                "quantity": 6
            },
            {
                "productId": "product4-2",
                "productName": "Product 4 - 2",
                "price": 12,
                "quantity": 9
            }
        ],
        "status": {
            "code": "processing",
            "name": "Processing"
        }
    },
    {
        "orderId": "order5",
        "orderDate": "2023-06-12T12:06:16.668Z",
        "customerId": "customer5",
        "products": [
            {
                "productId": "product5-1",
                "productName": "Product 5 - 1",
                "price": 467,
                "quantity": 1
            },
            {
                "productId": "product5-2",
                "productName": "Product 5 - 2",
                "price": 467,
                "quantity": 3
            }
        ],
        "status": {
            "code": "shipped",
            "name": "Shipped"
        }
    },
    {
        "orderId": "order6",
        "orderDate": "2023-06-12T12:06:16.668Z",
        "customerId": "customer6",
        "products": [
            {
                "productId": "product6-1",
                "productName": "Product 6 - 1",
                "price": 754,
                "quantity": 5
            },
            {
                "productId": "product6-2",
                "productName": "Product 6 - 2",
                "price": 754,
                "quantity": 7
            }
        ],
        "status": {
            "code": "shipped",
            "name": "Shipped"
        }
    },
    {
        "orderId": "order7",
        "orderDate": "2023-06-12T12:06:16.668Z",
        "customerId": "customer7",
        "products": [
            {
                "productId": "product7-1",
                "productName": "Product 7 - 1",
                "price": 531,
                "quantity": 7
            },
            {
                "productId": "product7-2",
                "productName": "Product 7 - 2",
                "price": 531,
                "quantity": 8
            }
        ],
        "status": {
            "code": "dispatched",
            "name": "Dispatched"
        }
    },
    {
        "orderId": "order8",
        "orderDate": "2023-06-12T12:06:16.668Z",
        "customerId": "customer8",
        "products": [
            {
                "productId": "product8-1",
                "productName": "Product 8 - 1",
                "price": 884,
                "quantity": 4
            },
            {
                "productId": "product8-2",
                "productName": "Product 8 - 2",
                "price": 884,
                "quantity": 8
            }
        ],
        "status": {
            "code": "shipped",
            "name": "Shipped"
        }
    },
    {
        "orderId": "order9",
        "orderDate": "2023-06-12T12:06:16.668Z",
        "customerId": "customer9",
        "products": [
            {
                "productId": "product9-1",
                "productName": "Product 9 - 1",
                "price": 781,
                "quantity": 10
            },
            {
                "productId": "product9-2",
                "productName": "Product 9 - 2",
                "price": 781,
                "quantity": 1
            }
        ],
        "status": {
            "code": "dispatched",
            "name": "Dispatched"
        }
    },
    {
        "orderId": "order10",
        "orderDate": "2023-06-12T12:06:16.668Z",
        "customerId": "customer10",
        "products": [
            {
                "productId": "product10-1",
                "productName": "Product 10 - 1",
                "price": 124,
                "quantity": 2
            },
            {
                "productId": "product10-2",
                "productName": "Product 10 - 2",
                "price": 124,
                "quantity": 1
            }
        ],
        "status": {
            "code": "dispatched",
            "name": "Dispatched"
        }
    },
    {
        "orderId": "order11",
        "orderDate": "2023-06-12T12:06:16.668Z",
        "customerId": "customer11",
        "products": [
            {
                "productId": "product11-1",
                "productName": "Product 11 - 1",
                "price": 45,
                "quantity": 4
            },
            {
                "productId": "product11-2",
                "productName": "Product 11 - 2",
                "price": 45,
                "quantity": 4
            }
        ],
        "status": {
            "code": "processing",
            "name": "Processing"
        }
    },
    {
        "orderId": "order12",
        "orderDate": "2023-06-12T12:06:16.668Z",
        "customerId": "customer12",
        "products": [
            {
                "productId": "product12-1",
                "productName": "Product 12 - 1",
                "price": 842,
                "quantity": 2
            },
            {
                "productId": "product12-2",
                "productName": "Product 12 - 2",
                "price": 842,
                "quantity": 1
            }
        ],
        "status": {
            "code": "dispatched",
            "name": "Dispatched"
        }
    },
    {
        "orderId": "order13",
        "orderDate": "2023-06-12T12:06:16.668Z",
        "customerId": "customer13",
        "products": [
            {
                "productId": "product13-1",
                "productName": "Product 13 - 1",
                "price": 747,
                "quantity": 10
            },
            {
                "productId": "product13-2",
                "productName": "Product 13 - 2",
                "price": 747,
                "quantity": 3
            }
        ],
        "status": {
            "code": "processing",
            "name": "Processing"
        }
    },
    {
        "orderId": "order14",
        "orderDate": "2023-06-12T12:06:16.668Z",
        "customerId": "customer14",
        "products": [
            {
                "productId": "product14-1",
                "productName": "Product 14 - 1",
                "price": 843,
                "quantity": 7
            },
            {
                "productId": "product14-2",
                "productName": "Product 14 - 2",
                "price": 843,
                "quantity": 5
            }
        ],
        "status": {
            "code": "shipped",
            "name": "Shipped"
        }
    },
    {
        "orderId": "order15",
        "orderDate": "2023-06-12T12:06:16.668Z",
        "customerId": "customer15",
        "products": [
            {
                "productId": "product15-1",
                "productName": "Product 15 - 1",
                "price": 440,
                "quantity": 10
            },
            {
                "productId": "product15-2",
                "productName": "Product 15 - 2",
                "price": 440,
                "quantity": 2
            }
        ],
        "status": {
            "code": "processing",
            "name": "Processing"
        }
    },
    {
        "orderId": "order16",
        "orderDate": "2023-06-12T12:06:16.668Z",
        "customerId": "customer16",
        "products": [
            {
                "productId": "product16-1",
                "productName": "Product 16 - 1",
                "price": 329,
                "quantity": 10
            },
            {
                "productId": "product16-2",
                "productName": "Product 16 - 2",
                "price": 329,
                "quantity": 8
            }
        ],
        "status": {
            "code": "shipped",
            "name": "Shipped"
        }
    },
    {
        "orderId": "order17",
        "orderDate": "2023-06-12T12:06:16.668Z",
        "customerId": "customer17",
        "products": [
            {
                "productId": "product17-1",
                "productName": "Product 17 - 1",
                "price": 483,
                "quantity": 2
            },
            {
                "productId": "product17-2",
                "productName": "Product 17 - 2",
                "price": 483,
                "quantity": 2
            }
        ],
        "status": {
            "code": "dispatched",
            "name": "Dispatched"
        }
    },
    {
        "orderId": "order18",
        "orderDate": "2023-06-12T12:06:16.668Z",
        "customerId": "customer18",
        "products": [
            {
                "productId": "product18-1",
                "productName": "Product 18 - 1",
                "price": 782,
                "quantity": 7
            },
            {
                "productId": "product18-2",
                "productName": "Product 18 - 2",
                "price": 782,
                "quantity": 3
            }
        ],
        "status": {
            "code": "dispatched",
            "name": "Dispatched"
        }
    },
    {
        "orderId": "order19",
        "orderDate": "2023-06-12T12:06:16.668Z",
        "customerId": "customer19",
        "products": [
            {
                "productId": "product19-1",
                "productName": "Product 19 - 1",
                "price": 806,
                "quantity": 2
            },
            {
                "productId": "product19-2",
                "productName": "Product 19 - 2",
                "price": 806,
                "quantity": 1
            }
        ],
        "status": {
            "code": "dispatched",
            "name": "Dispatched"
        }
    },
    {
        "orderId": "order20",
        "orderDate": "2023-06-12T12:06:16.668Z",
        "customerId": "customer20",
        "products": [
            {
                "productId": "product20-1",
                "productName": "Product 20 - 1",
                "price": 404,
                "quantity": 4
            },
            {
                "productId": "product20-2",
                "productName": "Product 20 - 2",
                "price": 404,
                "quantity": 4
            }
        ],
        "status": {
            "code": "shipped",
            "name": "Shipped"
        }
    },
    {
        "orderId": "order21",
        "orderDate": "2023-06-12T12:06:16.668Z",
        "customerId": "customer21",
        "products": [
            {
                "productId": "product21-1",
                "productName": "Product 21 - 1",
                "price": 852,
                "quantity": 6
            },
            {
                "productId": "product21-2",
                "productName": "Product 21 - 2",
                "price": 852,
                "quantity": 4
            }
        ],
        "status": {
            "code": "dispatched",
            "name": "Dispatched"
        }
    },
    {
        "orderId": "order22",
        "orderDate": "2023-06-12T12:06:16.668Z",
        "customerId": "customer22",
        "products": [
            {
                "productId": "product22-1",
                "productName": "Product 22 - 1",
                "price": 961,
                "quantity": 6
            },
            {
                "productId": "product22-2",
                "productName": "Product 22 - 2",
                "price": 961,
                "quantity": 10
            }
        ],
        "status": {
            "code": "shipped",
            "name": "Shipped"
        }
    },
    {
        "orderId": "order23",
        "orderDate": "2023-06-12T12:06:16.668Z",
        "customerId": "customer23",
        "products": [
            {
                "productId": "product23-1",
                "productName": "Product 23 - 1",
                "price": 685,
                "quantity": 1
            },
            {
                "productId": "product23-2",
                "productName": "Product 23 - 2",
                "price": 685,
                "quantity": 3
            }
        ],
        "status": {
            "code": "processing",
            "name": "Processing"
        }
    },
    {
        "orderId": "order24",
        "orderDate": "2023-06-12T12:06:16.668Z",
        "customerId": "customer24",
        "products": [
            {
                "productId": "product24-1",
                "productName": "Product 24 - 1",
                "price": 482,
                "quantity": 1
            },
            {
                "productId": "product24-2",
                "productName": "Product 24 - 2",
                "price": 482,
                "quantity": 10
            }
        ],
        "status": {
            "code": "dispatched",
            "name": "Dispatched"
        }
    },
    {
        "orderId": "order25",
        "orderDate": "2023-06-12T12:06:16.668Z",
        "customerId": "customer25",
        "products": [
            {
                "productId": "product25-1",
                "productName": "Product 25 - 1",
                "price": 634,
                "quantity": 1
            },
            {
                "productId": "product25-2",
                "productName": "Product 25 - 2",
                "price": 634,
                "quantity": 2
            }
        ],
        "status": {
            "code": "dispatched",
            "name": "Dispatched"
        }
    }
]