{
    "HTTP_CODES": {
        "BAD_REQUEST": 400,
        "DUPLICATE_VALUE": 409,
        "FORBIDDEN": 403,
        "INTERNAL_SERVER_ERROR": 500,
        "METHOD_NOT_ALLOWED": 405,
        "MOVED_PERMANENTLY": 301,
        "NOT_ACCEPTABLE": 406,
        "NOT_FOUND": 404,
        "NO_CONTENT_FOUND": 204,
        "OK": 200,
        "PERMANENT_REDIRECT": 308,
        "UNAUTHORIZED": 401,
        "UPGRADE_REQUIRED": 426,
        "VALIDATION_ERROR": 422
    },
    "USER_STATUS": {
        "ACTIVE": "active",
        "BLOCKED": "blocked",
        "DISABLED": "disabled",
        "INACTIVE": "inactive",
        "INVITED": "invited",
        "PENDING": "pending"
    },
    "VENDOR_STATUS": {
        "ACTIVE": "active",
        "BLOCKED": "blocked",
        "DISABLED": "disabled",
        "INACTIVE": "inactive",
        "INVITED": "invited",
        "PENDING": "pending"
    },
    "USER_TYPE": {
        "VENDOR": "vendor",
        "USER": "user",
        "ADMIN": "admin",
        "INSPECTOR": "inspector",
        "TRANSPORTER": "transporter"
    },
    "COMPANY_STATUS": {
        "ACTIVE": "active",
        "INACTIVE": "inactive",
        "BLOCKED": "blocked",
        "DISABLED": "disabled"
    },
    "MAXIMUM_LENGTH": {
        "COMPANY_TYPE_SELECTION": 2,
        "WEBSITE_URL_SELECTION": 3,
        "COMPANY_ADVANTAGE_LIMIT": 254,
        "PAGE_SIZE ": 1
    }
}