{
    "USER": {
        "USER_ROLE_INVALID": "User role invalid !",
        "CONTACT_NUMBER_EMAIL_USERNAME_ALREADY_EXISTS": "Contact Number, email or userName already exists please check!",
        "ERROR_ADDING_USER": "Error adding user",
        "USERNAME_ALREADY_EXISTS": "Username already exists",
        "USERNAME_INVALID": "Username invalid",
        "PLEASE_ENTER_OTP": "Please enter otp",
        "GUEST_LOGIN_SUCCESSFULLY": "Guest login successfully",
        "UP_TO_DATE": "Up to date",
        "ALREADY_GUEST_EXISTS": "Already guest exists",
        "ERROR_CHECKING_USER_DETAIL": "Error checking user detail",
        "OTP_SENT_SUCCESSFULLY": "OTP sent successfully",
        "INVALID_OTP": "Invalid OTP",
        "INVALID_NUMBER": "Invalid number",
        "EMAIL_ALREADY_EXISTS": "Email already exists",
        "VERIFIED": "Verified",
        "SUCCESSFULLY": "successfully",
        "USER_NOT_FOUND": "User not found",
        "USER_VERIFIED_SUCCESSFULLY": "User verified successfully",
        "USER_INFO_UPDATED_SUCCESSFULLY": "User updated successfully",
        "USER_LOGIN_SUCCESSFULLY": "Login successfully",
        "USER_LOGOUT_SUCCESSFULLY": "User logged out successfully",
        "MISSING_RESEND_OTP_REQUEST": "Missing data in User.resendOTP request",
        "USER_ADD_SUCCESSFULLY": "User added successfully",
        "USER_FETCH_SUCCESSFULLY": "User details fetched successfully",
        "USER_DELETE_SUCCESSFULLY": "User deleted successfully",
        "ERROR_CONTACT_DETAILS": "error getting contact details",
        "MISSING_SENDINVITATION": "Missing data in User.sendInvitation request",
        "USER_INVITED_SUCCESSFULLY": "User invited successfully",
        "INVALID_PASSWORD": "Invalid password",
        "USER_NOT_VERIFIED": "You are not verified!",
        "USER_BLOCKED": "You are Blocked",
        "ERROR_AUTHENTICATION_USER": "Error authenticating user",
        "ERROR_UPDATEING_USER": "Error updating user",
        "USER_NOT_VALID": "You are not valid user",
        "MISSING_GETUSERBYEXEPRIENCE_REQUEST": "Missing data in User.getUserByExperience request",
        "MISSING_GETUSERBYACTIVITY_REQUEST": "Missing data in User.getUserByActivity request",
        "MISSING_SEARCH_USER_REQUEST": "Missing data in User.searchUsers request",
        "MISSING_USER_REQUEST": "Missing data in User.getById request",
        "MISSING_WALLERT_INFO_REQQEST": "Missing data in User.getWalletData request",
        "MISSING_PROFILE_REQUEST": "Missing data in User.getProfileData request",
        "MISSING_DELETE_REQUEST": "Missing data in User.delete request",
        "MISSING_SEARCH_REQUEST": "Missing data in User.search request",
        "MISSING_GETREFFERALCODE_REQUEST": "Missing data in User.getRefferalCode request",
        "OLD_PASSWORD_WORNG": "Your old password doesn't match",
        "PASSWORD_UPDATE_SUCCESSFULLY": "Your password updated successfully",
        "PASSWORD_RESET_SUCCESSFULLY": "Password reset successfully",
        "ERROR_CHANGE_PASSWORD": "Error in changing password",
        "ERROR_SIGNUP_MESSAGE": "Please signUp!",
        "DELETE_INFO_SUCCESSFULLY": "Delete data successfully"
    },
    "APP_MSG": {
        "WELCOME_DISGO": "Welcome to disgo"
    },
    "COMMON": {
        "AUTHENTICATION_ERROR": "Authentication error",
        "NOT_ANY_IMAGE": "Not Any Image Yet!!",
        "USER_NOT_FOUND": "User not found",
        "YOU_ARE_NOT_AUTHORIZED": "You are not authorized !!"
    },
    "SETTING": {
        "SETTING_CHANGE_SUCCESSFULLY": "Setting change sucessfully",
        "MISSING_CREATE": "Missing data in SettingController.create request !",
        "SETTING_CREATED_SUCCESS": "Setting added successfully !",
        "MISSING_UPDATE": "Missing data in SettingController.update request !",
        "SETTING_UPDATED_SUCCESS": "Setting updated successfully !",
        "SETTING__ID_NOT_FOUND": "Setting with the specified ID does not exists !",
        "SETTING_FETCHED_SUCCESS": "Setting fetched successfully !",
        "SETTING_ERROR": "Error getting Setting !",
        "MISSING_GET_BY_ID": "Missing data in SettingController.getById request !",
        "MISSING_DELETE": "Missing data in SettingController.delete request !",
        "SETTING_DELETED_SUCCESS": "Setting deleted successfully !"
    },
    "EXPERIENCE": {
        "MISSING_CREATE": "Missing data in ExperienceController.create request !",
        "INVITE_YOU_TO_EXPERIENCE": "requested you to join this experience !",
        "CREATED_NEW_EXPERIENCE": "is created a new experience",
        "TITLE": "DISGO",
        "EXPERIENCE_CREATED": "Experience added successfully !",
        "MISSING_ACCEPTEINVITATION": "Missing data in ExperienceController.accepteInvitation request !",
        "ACCEPTEINVITATION_BLOCKED": "You are Blocked !",
        "ACCESS_ERROR_ACCESS_DENIED": "You are not Authorized to accept this Invitation !",
        "ACCEPTEINVITATION_ALREADY": "You are already joined this experience !",
        "ACCEPTEINVITATION_ACCEPTED_BY_ADMIN": "Admin accepted your invitation of experience !",
        "ACCEPTEINVITATION_ACCEPTED_BY_USER": "accepted your invitation of experience !",
        "ACCEPTEINVITATION_SUCCESS": "Invitation accepted succesfully !",
        "ACCEPTEINVITATION_ERROR": "Error in accepting invitation !",
        "MISSING_DECLINEINVITATION": "Missing data in ExperienceController.declineInvitation request !",
        "DECLINEINVITATION_BLOCKED": "You are Blocked !",
        "DECLINEINVITATION_SUCCESS": "Invitation declined  successfully !",
        "DECLINEINVITATION_ERROR": "Error in declining invitation !",
        "MISSING_JOIN_EXPERIENCE": "Missing data in ExperienceController.joinExperience request !",
        "JOIN_EXPERIENCE_PRIVATE": "Experience is private. Invitation is required to join !",
        "JOIN_EXPERIENCE_FOLLOWER": "Experience is available for followers only. Please follow experience owner to join !",
        "JOIN_EXPERIENCE_SUCCESS": "Experience joined succesfully !",
        "JOIN_EXPERIENCE_INVITATION_REQUIRED": "An invitation is required to join this Experience !",
        "JOIN_EXPERIENCE_ALREADY": "You have already joined this Experience !",
        "MISSING_JOIN_EXPERIENCE_BY_WEB": "Missing data in ExperienceController.joinExperienceByWeb request !",
        "MISSING_EXPERIENCE_PROTECTED": "Missing data in ExperienceController.experienceProtected request !",
        "JOIN_EXPERIENCE_BY_WEB_INVALID_CREDENTIALS": "Invalid Username and Password!",
        "JOIN_EXPERIENCE_BY_WEB_INVALID_USERNAME": "Invalid Username!",
        "MISSING_DYNAMIC_LINK": "Missing data in ExperienceController.dynamicLink request !",
        "DYNAMIC_LINK_SUCCESS": "Dynamic link create successfully",
        "MISSING_LEFT_GUEST": "Missing data in ExperienceController.leftGuest request !",
        "LEFT_GUEST_REMOVED": "Guest removed successfully !",
        "LEFT_EXPERIENCE_SUCCESSFULLY": "Experience left successfully !",
        "LEFT_GUEST_ERROR": "Error in removing guest !",
        "MISSING_GET_ALL_USER": "Missing data in get invite list request !",
        "EXPERIENCE_ID_NOT_FOUND": "Experience with the specified ID does not exists !",
        "USER_LIST_FETCHED_SUCCESSFULLY": "User List fetched successfully !",
        "MISSING_INVITE_GUEST": "Missing data in ExperienceController.inviteGuest request !",
        "INVITE_GUEST_ALREADY": "User already joined !",
        "INVITE_GUEST_SUCCESS": "Guest added successfully !",
        "INVITE_GUEST_REQUEST_SUCCESS": "Request sent successfully !",
        "INVITE_GUEST_REQUEST_ALREADY": "User already requested !",
        "INVITE_GUEST_USER_ALREADY_THERE": "User request already there !",
        "INVITE_GUEST_ERROR": "Error in adding guest !",
        "MISSING_REMOVE_GUEST": "Missing data in ExperienceController.removeGuest request !",
        "REMOVE_GUEST_SUCCESS": "Guest removed successfully !",
        "REMOVE_GUEST_ERROR": "Error in removing guest !",
        "EXPERIENCES_GET_ALL": "Experiences fetched successfully !",
        "EXPERIENCES_PASSWORD_WRONG": "Experiences password worng!",
        "EXPERIENCES_PASSWORD_REQUIRED": "Experiences password required!",
        "EXPERIENCES_GET_ALL_ERROR": "Error in fetching Experiences !",
        "MISSING_GET_ALL_FOR_HOME_PAGE": "Missing data in ExperienceController.getAllForHomePage request !",
        "MISSING_ADD_GUEST": "Missing data in ExperienceController.addGuest request !",
        "MISSING_ADD_COLLABORATORS": "Missing data in ExperienceController.addCollaborators request",
        "ADD_COLLABORATORS_SUCCESS": "Collaborator added successfully !",
        "MISSING_UPDATED": "Missing data in ExperienceController.update request !",
        "EXPERIENCE_UPDATED_SUCCESS": "Experience updated successfully !",
        "MISSING_DELETED": "Missing data in ExperienceController.delete request !",
        "EXPERIENCE_DELETED_SUCCESS": "Experience deleted successfully !",
        "MISSING_GET_BY_USER": "Missing data in ExperienceController.getByUser request !",
        "GET_EXPERIENCES_AND_POST": "Experiences and posts fetched successfully !",
        "MISSING_GET_BY_USER_ID": "Missing data in ExperienceController.getByUserId request !",
        "MISSING_GET_INVITE_LIST": "Missing data in get invite list request !",
        "GET_INVITE_LIST_SUCCESS": "Invite List fetched successfully !",
        "MISSING_SEARCH_USER_FOR_EXPERIENCE": "Missing data in ExperienceController.searchUserForExperience request !",
        "SEARCH_USER_FOR_EXPERIENCE_SUCCESS": "User List fetched successfully !",
        "USER_FETCHED_SUCCESSFULLY": "User fetched successfully !",
        "MISSING_GET_HOME_FEED_EXPERIENCES": "Missing data in ExperienceController.getAllForHomePage request !",
        "MISSING_GET_FOLLOWING_EXPERIENCE": "Missing data in ExperienceController.getFollowingExperiences request !",
        "MISSING_GET_HOME_FEED_MOST_POPULAR": "Missing data in ExperienceController.getHomeFeedMostPopular request !",
        "MISSING_GET_HOME_FEED_FOLLOWING": "Missing data in ExperienceController.getHomeFeedFollowerExperiences request !",
        "MISSING_GET_HOME_FEED_NEWEST": "Missing data in ExperienceController.getHomeFeedNewest request !",
        "MISSING_GET_FUNCTION_DATA": "Missing data in ExperienceController.getFunctionData request !",
        "GET_FUNCTION_DATA_SUCCESS": "Funcation data fetched successfully !",
        "MISSING_GET_FUNCTION_DATA_BY_USER": "Missing data in ExperienceController.getFunctionDataByUser request !",
        "MISSING_GET_EXPERIENCE_JOIN_LIST": "Missing data in ExperienceController.getExperienceJoinList request !",
        "MISSING_GET_EXPERIENCE_LIST": "Missing data in ExperienceController.getExperienceList request !",
        "MISSING_DATE_CHECKS": "Missing data in ExperienceController.dateChecks request !",
        "MISSING_GET_BY_ID": "Missing data in ExperienceController.getById request !",
        "MISSING_GET_BY_ID_WEB": "Missing data in ExperienceController.getByIdWeb request !",
        "EXPERIENCES_ERROR": "Error getting Experiences !",
        "MISSING_GET_BY_ID_COLLABORATORS": "Missing data in ExperienceController.getByIdCollaborators request !",
        "EXPERIENCE_INVITE_DETAILS_FETCHED": "InviteDetails fetched successfully !"
    },
    "ACTIVITY": {
        "MISSING_CREATE": "Missing data in ActivityController.create request !",
        "INVITE_YOU_TO_ACTIVITY": "requested you to join this Activity !",
        "CREATED_NEW_ACTIVITY": "is created a new Activity",
        "TITLE": "DISGO",
        "ACTIVITY_CREATED": "Activity added successfully !",
        "ACTIVITY_CREATED_ERROR": "Error in adding Activity !",
        "MISSING_ACCEPTEINVITATION": "Missing data in ActivityController.accepteInvitation request !",
        "ACCEPTEINVITATION_BLOCKED": "You are Blocked !",
        "ACCESS_ERROR_ACCESS_DENIED": "You are not Authorized to accept this Invitation !",
        "ACCEPTEINVITATION_ALREADY": "You are already joined this Activity !",
        "ACCEPTEINVITATION_ACCEPTED_BY_ADMIN": "Admin accepted your invitation of Activity !",
        "ACCEPTEINVITATION_ACCEPTED_BY_USER": "accepted your invitation of Activity !",
        "ACCEPTEINVITATION_SUCCESS": "Invitation accepted succesfully !",
        "ACCEPTEINVITATION_ERROR": "Error in accepting invitation !",
        "MISSING_DECLINEINVITATION": "Missing data in ActivityController.declineInvitation request !",
        "DECLINEINVITATION_BLOCKED": "You are Blocked !",
        "DECLINEINVITATION_SUCCESS": "Invitation declined successfully !",
        "DECLINEINVITATION_ERROR": "Error in declining invitation !",
        "MISSING_JOIN_ACTIVITY": "Missing data in ActivityController.joinActivity request !",
        "JOIN_ACTIVITY_PRIVATE": "Activity is private. Invitation is required to join !",
        "JOIN_ACTIVITY_FOLLOWER": "Activity is available for followers only. Please follow Activity owner to join !",
        "JOIN_ACTIVITY_SUCCESS": "Activity joined succesfully !",
        "JOIN_ACTIVITY_INVITATION_REQUIRED": "An invitation is required to join this Activity !",
        "JOIN_ACTIVITY_ALREADY": "You have already joined this Activity !",
        "MISSING_JOIN_ACTIVITY_BY_WEB": "Missing data in ActivityController.joinActivityByWeb request !",
        "JOIN_ACTIVITY_BY_WEB_INVALID_CREDENTIALS": "Invalid Username and Password!",
        "JOIN_ACTIVITY_BY_WEB_INVALID_USERNAME": "Invalid Username!",
        "MISSING_DYNAMIC_LINK": "Missing data in ActivityController.dynamicLink request !",
        "DYNAMIC_LINK_SUCCESS": "Dynamic link create successfully",
        "MISSING_LEFT_GUEST": "Missing data in ActivityController.leftGuest request !",
        "LEFT_GUEST_REMOVED": "Guest removed successfully !",
        "LEFT_GUEST_ERROR": "Error in removing guest !",
        "MISSING_GET_ALL_USER": "Missing data in get invite list request !",
        "ACTIVITY_ID_NOT_FOUND": "Activity with the specified ID does not exists !",
        "USER_LIST_FETCHED_SUCCESSFULLY": "User List fetched successfully !",
        "MISSING_INVITE_GUEST": "Missing data in ActivityController.inviteGuest request !",
        "INVITE_GUEST_ALREADY": "User already joined !",
        "INVITE_GUEST_SUCCESS": "Guest added successfully !",
        "INVITE_GUEST_REQUEST_SUCCESS": "Request sent successfully !",
        "INVITE_GUEST_REQUEST_ALREADY": "User already requested !",
        "INVITE_GUEST_USER_ALREADY_THERE": "User request already there !",
        "INVITE_GUEST_ERROR": "Error in adding guest !",
        "MISSING_REMOVE_GUEST": "Missing data in ActivityController.removeGuest request !",
        "REMOVE_GUEST_SUCCESS": "Guest removed successfully !",
        "REMOVE_GUEST_ERROR": "Error in removing guest !",
        "ACTIVITY_GET_ALL": "Activity fetched successfully !",
        "ACTIVITY_GET_ALL_ERROR": "Error in fetching Activity !",
        "MISSING_GET_ALL_FOR_HOME_PAGE": "Missing data in ActivityController.getAllForHomePage request !",
        "MISSING_ADD_GUEST": "Missing data in ActivityController.addGuest request !",
        "MISSING_ADD_COLLABORATORS": "Missing data in ActivityController.addCollaborators request",
        "ADD_COLLABORATORS_SUCCESS": "Collaborator added successfully !",
        "MISSING_UPDATED": "Missing data in ActivityController.update request !",
        "ACTIVITY_UPDATED_SUCCESS": "Activity updated successfully !",
        "MISSING_DELETED": "Missing data in ActivityController.delete request !",
        "ACTIVITY_DELETED_SUCCESS": "Activity deleted successfully !",
        "MISSING_GET_BY_USER": "Missing data in ActivityController.getByUser request !",
        "GET_ACTIVITY_AND_POST": "Activity and posts fetched successfully !",
        "MISSING_GET_BY_USER_ID": "Missing data in ActivityController.getByUserId request !",
        "MISSING_GET_INVITE_LIST": "Missing data in get invite list request !",
        "GET_INVITE_LIST_SUCCESS": "Invite List fetched successfully !",
        "MISSING_SEARCH_USER_FOR_ACTIVITY": "Missing data in ActivityController.searchUserForActivity request !",
        "SEARCH_USER_FOR_ACTIVITY_SUCCESS": "User List fetched successfully !",
        "MISSING_GET_HOME_FEED_ACTIVITY": "Missing data in ActivityController.getAllForHomePage request !",
        "MISSING_GET_FOLLOWING_ACTIVITY": "Missing data in ActivityController.getFollowingActivity request !",
        "MISSING_GET_HOME_FEED_MOST_POPULAR": "Missing data in ActivityController.getHomeFeedMostPopular request !",
        "MISSING_GET_HOME_FEED_FOLLOWING": "Missing data in ActivityController.getHomeFeedFollowerActivity request !",
        "MISSING_GET_HOME_FEED_NEWEST": "Missing data in ActivityController.getHomeFeedNewest request !",
        "MISSING_GET_FUNCTION_DATA": "Missing data in ActivityController.getFunctionData request !",
        "GET_FUNCTION_DATA_SUCCESS": "Funcation data fetched successfully !",
        "MISSING_GET_FUNCTION_DATA_BY_USER": "Missing data in ActivityController.getFunctionDataByUser request !",
        "MISSING_GET_ACTIVITY_JOIN_LIST": "Missing data in ActivityController.getActivityJoinList request !",
        "MISSING_GET_ACTIVITY_LIST": "Missing data in ActivityController.getActivityList request !",
        "MISSING_DATE_CHECKS": "Missing data in ActivityController.dateChecks request !",
        "MISSING_GET_BY_ID": "Missing data in ActivityController.getById request !",
        "MISSING_GET_BY_ID_WEB": "Missing data in ActivityController.getByIdWeb request !",
        "ACTIVITY_ERROR": "Error getting Activity !",
        "MISSING_GET_BY_ID_COLLABORATORS": "Missing data in ActivityController.getByIdCollaborators request !",
        "ACTIVITY_INVITE_DETAILS_FETCHED": "InviteDetails fetched successfully !",
        "ACTIVITY_USER_JOINED_SUCCESS": "User joined successfully !"
    },
    "ARTIST": {
        "MISSING_CREATE": "Missing data in ArtistController.create request !",
        "ARTIST_CREATED_SUCCESS": "Artist created successfully !",
        "MISSING_UPDATE": "Missing data in ArtistController.update request !",
        "ARTIST_UPDATED_SUCCESS": "Artist updated successfully !",
        "ARTIST_ID_NOT_FOUND": "Artist with the specified ID does not exists !",
        "ARTIST_FETCHED_SUCCESS": "Artist fetched successfully !",
        "ARTIST_ERROR": "Error getting Artist !",
        "MISSING_GET_BY_ID": "Missing data in ArtistController.getById request !",
        "MISSING_DELETE": "Missing data in ArtistController.delete request !",
        "ARTIST_DELETED_SUCCESS": "Artist deleted successfully !"
    },
    "SOCIAL": {
        "MISSING_CREATE": "Missing data in SocialController.create request !",
        "SOCIAL_CREATED_SUCCESS": "Social created successfully !",
        "MISSING_UPDATE": "Missing data in SocialController.update request !",
        "SOCIAL_UPDATED_SUCCESS": "Social updated successfully !",
        "SOCIAL_ID_NOT_FOUND": "Social with the specified ID does not exists !",
        "SOCIAL_FETCHED_SUCCESS": "Social fetched successfully !",
        "SOCIAL_ERROR": "Error getting Social !",
        "MISSING_GET_BY_ID": "Missing data in SocialController.getById request !",
        "MISSING_DELETE": "Missing data in SocialController.delete request !",
        "SOCIAL_DELETED_SUCCESS": "Social deleted successfully !"
    },
    "SPONSOR": {
        "MISSING_CREATE": "Missing data in SponsorController.create request !",
        "SPONSOR_CREATED_SUCCESS": "Sponsor created successfully !",
        "MISSING_UPDATE": "Missing data in SponsorController.update request !",
        "SPONSOR_UPDATED_SUCCESS": "Sponsor updated successfully !",
        "SPONSOR_ID_NOT_FOUND": "Sponsor with the specified ID does not exists !",
        "SPONSOR_FETCHED_SUCCESS": "Sponsor fetched successfully !",
        "SPONSOR_ERROR": "Error getting Sponsor !",
        "MISSING_GET_BY_ID": "Missing data in SponsorController.getById request !",
        "MISSING_DELETE": "Missing data in SponsorController.delete request !",
        "SPONSOR_DELETED_SUCCESS": "Sponsor deleted successfully !",
        "MISSING_GET_ALL_BY_USER": "Missing data in SponsorController.getAllByUser request !",
        "MISSING_GET_BY_USER": "Missing data in SponsorController.getByUser request !"
    },
    "EVENTMAP": {
        "MISSING_CREATE": "Missing data in EventMapController.create request !",
        "EVENTMAP_CREATED_SUCCESS": "EventMap created successfully !",
        "MISSING_UPDATE": "Missing data in EventMapController.update request !",
        "EVENTMAP_UPDATED_SUCCESS": "EventMap updated successfully !",
        "EVENTMAP_ID_NOT_FOUND": "EventMap with the specified ID does not exists !",
        "EVENTMAP_FETCHED_SUCCESS": "EventMap fetched successfully !",
        "EVENTMAP_ERROR": "Error getting EventMap !",
        "MISSING_GET_BY_ID": "Missing data in EventMapController.getById request !",
        "MISSING_DELETE": "Missing data in EventMapController.delete request !",
        "EVENTMAP_DELETED_SUCCESS": "EventMap deleted successfully !"
    },
    "QUESTIONNARIE": {
        "MISSING_CREATE": "Missing data in QuestionnarieController.create request !",
        "QUESTIONNARIE_CREATED_SUCCESS": "Questionnarie created successfully !",
        "MISSING_UPDATE": "Missing data in QuestionnarieController.update request !",
        "QUESTIONNARIE_UPDATED_SUCCESS": "Questionnarie updated successfully !",
        "QUESTIONNARIE_ID_NOT_FOUND": "Questionnarie with the specified ID does not exists !",
        "QUESTIONNARIE_FETCHED_SUCCESS": "Questionnarie fetched successfully !",
        "QUESTIONNARIE_ERROR": "Error getting Questionnarie !",
        "MISSING_GET_BY_ID": "Missing data in QuestionnarieController.getById request !",
        "MISSING_DELETE": "Missing data in QuestionnarieController.delete request !",
        "QUESTIONNARIE_DELETED_SUCCESS": "Questionnarie deleted successfully !",
        "MISSING_GET_BY_USER": "Missing data in QuestionnarieController.getByUser request !",
        "INVALID_QUESTIONNARIE_FOR": "Invalid Questionnarie for !"
    },
    "MENTOR": {
        "MISSING_CREATE": "Missing data in MentorController.create request !",
        "MENTOR_CREATED_SUCCESS": "Mentor created successfully !",
        "MISSING_UPDATE": "Missing data in MentorController.update request !",
        "MENTOR_UPDATED_SUCCESS": "Mentor updated successfully !",
        "MENTOR_ID_NOT_FOUND": "Mentor with the specified ID does not exists !",
        "MENTOR_FETCHED_SUCCESS": "Mentor fetched successfully !",
        "MENTOR_ERROR": "Error getting Mentor !",
        "MISSING_GET_BY_ID": "Missing data in MentorController.getById request !",
        "MISSING_DELETE": "Missing data in MentorController.delete request !",
        "MENTOR_DELETED_SUCCESS": "Mentor deleted successfully !",
        "MISSING_GET_BY_USER": "Missing data in MentorController.getByUser request !"
    },
    "STARTUP": {
        "MISSING_CREATE": "Missing data in StartUpController.create request !",
        "STARTUP_CREATED_SUCCESS": "StartUp created successfully !",
        "MISSING_UPDATE": "Missing data in StartUpController.update request !",
        "STARTUP_UPDATED_SUCCESS": "StartUp updated successfully !",
        "STARTUP_ID_NOT_FOUND": "StartUp with the specified ID does not exists !",
        "STARTUP_FETCHED_SUCCESS": "StartUp fetched successfully !",
        "STARTUP_ERROR": "Error getting StartUp !",
        "MISSING_GET_BY_ID": "Missing data in StartUpController.getById request !",
        "MISSING_DELETE": "Missing data in StartUpController.delete request !",
        "STARTUP_DELETED_SUCCESS": "StartUp deleted successfully !"
    },
    "SPEAKER": {
        "MISSING_CREATE": "Missing data in SpeakerController.create request !",
        "SPEAKER_CREATED_SUCCESS": "Speaker add successfully !",
        "MISSING_UPDATE": "Missing data in SpeakerController.update request !",
        "SPEAKER_UPDATED_SUCCESS": "Speaker updated successfully !",
        "SPEAKER_ID_NOT_FOUND": "Speaker with the specified ID does not exists !",
        "SPEAKER_FETCHED_SUCCESS": "Speaker fetched successfully !",
        "SPEAKER_ERROR": "Error getting Speaker !",
        "MISSING_GET_BY_ID": "Missing data in SpeakerController.getById request !",
        "MISSING_DELETE": "Missing data in SpeakerController.delete request !",
        "SPEAKER_DELETED_SUCCESS": "Speaker deleted successfully !"
    },
    "INVESTOR": {
        "MISSING_CREATE": "Missing data in InvestorController.create request !",
        "INVESTOR_CREATED_SUCCESS": "Investor add successfully !",
        "MISSING_UPDATE": "Missing data in InvestorController.update request !",
        "INVESTOR_UPDATED_SUCCESS": "Investor updated successfully !",
        "INVESTOR_ID_NOT_FOUND": "Investor with the specified ID does not exists !",
        "INVESTOR_FETCHED_SUCCESS": "Investor fetched successfully !",
        "INVESTOR_ERROR": "Error getting Investor !",
        "MISSING_GET_BY_ID": "Missing data in InvestorController.getById request !",
        "MISSING_DELETE": "Missing data in InvestorController.delete request !",
        "INVESTOR_DELETED_SUCCESS": "Investor deleted successfully !"
    },
    "STAR": {
        "MISSING_CREATE": "Missing data in StarController.create request !",
        "STAR_CREATED_SUCCESS": "Star add successfully !",
        "MISSING_UPDATE": "Missing data in StarController.update request !",
        "STAR_UPDATED_SUCCESS": "Star updated successfully !",
        "STAR_ID_NOT_FOUND": "Star with the specified ID does not exists !",
        "STAR_FETCHED_SUCCESS": "Star fetched successfully !",
        "STAR_ERROR": "Error getting Star !",
        "MISSING_GET_BY_ID": "Missing data in StarController.getById request !",
        "MISSING_DELETE": "Missing data in StarController.delete request !",
        "STAR_DELETED_SUCCESS": "Star deleted successfully !"
    },
    "NEWSLETTER": {
        "MISSING_CREATE": "Missing data in NewsletterController.create request !",
        "NEWSLETTER_CREATED_SUCCESS": "Newsletter add successfully !",
        "MISSING_UPDATE": "Missing data in NewsletterController.update request !",
        "NEWSLETTER_UPDATED_SUCCESS": "Newsletter updated successfully !",
        "NEWSLETTER_ID_NOT_FOUND": "Newsletter with the specified ID does not exists !",
        "NEWSLETTER_FETCHED_SUCCESS": "Newsletter fetched successfully !",
        "NEWSLETTER_ERROR": "Error getting Newsletter !",
        "MISSING_GET_BY_ID": "Missing data in NewsletterController.getById request !",
        "MISSING_DELETE": "Missing data in NewsletterController.delete request !",
        "NEWSLETTER_DELETED_SUCCESS": "Newsletter deleted successfully !"
    },
    "MEDIA": {
        "MISSING_CREATE": "Missing data in MediaController.create request !",
        "MEDIA_CREATED_SUCCESS": "Media add successfully !",
        "MISSING_UPDATE": "Missing data in MediaController.update request !",
        "MEDIA_UPDATED_SUCCESS": "Media updated successfully !",
        "MEDIA_ID_NOT_FOUND": "Media with the specified ID does not exists !",
        "MEDIA_FETCHED_SUCCESS": "Media fetched successfully !",
        "MEDIA_ERROR": "Error getting Media !",
        "MISSING_GET_BY_ID": "Missing data in MediaController.getById request !",
        "MISSING_DELETE": "Missing data in MediaController.delete request !",
        "MEDIA_DELETED_SUCCESS": "Media deleted successfully !"
    },
    "EXHIBITOR": {
        "MISSING_CREATE": "Missing data in ExhibitorController.create request !",
        "EXHIBITOR_CREATED_SUCCESS": "Exhibitor add successfully !",
        "MISSING_UPDATE": "Missing data in ExhibitorController.update request !",
        "EXHIBITOR_UPDATED_SUCCESS": "Exhibitor updated successfully !",
        "EXHIBITOR_ID_NOT_FOUND": "Exhibitor with the specified ID does not exists !",
        "EXHIBITOR_FETCHED_SUCCESS": "Exhibitor fetched successfully !",
        "EXHIBITOR_ERROR": "Error getting Exhibitor !",
        "MISSING_GET_BY_ID": "Missing data in ExhibitorController.getById request !",
        "MISSING_DELETE": "Missing data in ExhibitorController.delete request !",
        "EXHIBITOR_DELETED_SUCCESS": "Exhibitor deleted successfully !",
        "INVALID_EXHIBITOR_FOR": "Invalid Exhibitor for !"
    },
    "BREWERIE": {
        "MISSING_CREATE": "Missing data in BrewerieController.create request !",
        "BREWERIE_CREATED_SUCCESS": "Breweries add successfully !",
        "MISSING_UPDATE": "Missing data in BrewerieController.update request !",
        "BREWERIE_UPDATED_SUCCESS": "Breweries updated successfully !",
        "BREWERIE_ID_NOT_FOUND": "Breweries with the specified ID does not exists !",
        "BREWERIE_FETCHED_SUCCESS": "Breweries fetched successfully !",
        "BREWERIE_ERROR": "Error getting Breweries !",
        "MISSING_GET_BY_ID": "Missing data in BrewerieController.getById request !",
        "MISSING_DELETE": "Missing data in BrewerieController.delete request !",
        "BREWERIE_DELETED_SUCCESS": "Breweries deleted successfully !",
        "INVALID_BREWERIE_FOR": "Invalid Breweries for !"
    },
    "WINERIE": {
        "MISSING_CREATE": "Missing data in WinerieController.create request !",
        "WINERIE_CREATED_SUCCESS": "Winerie add successfully !",
        "MISSING_UPDATE": "Missing data in WinerieController.update request !",
        "WINERIE_UPDATED_SUCCESS": "Winerie updated successfully !",
        "WINERIE_ID_NOT_FOUND": "Winerie with the specified ID does not exists !",
        "WINERIE_FETCHED_SUCCESS": "Winerie fetched successfully !",
        "WINERIE_ERROR": "Error getting Winerie !",
        "MISSING_GET_BY_ID": "Missing data in WinerieController.getById request !",
        "MISSING_DELETE": "Missing data in WinerieController.delete request !",
        "WINERIE_DELETED_SUCCESS": "Winerie deleted successfully !",
        "INVALID_WINERIE_FOR": "Invalid Winerie for!"
    },
    "FOODTRUCK": {
        "MISSING_CREATE": "Missing data in FunctionFoodTruckController.create request !",
        "FOODTRUCK_CREATED_SUCCESS": "FoodTruck created successfully !",
        "MISSING_UPDATE": "Missing data in FunctionFoodTruckController.update request !",
        "FOODTRUCK_UPDATED_SUCCESS": "FoodTruck updated successfully !",
        "FOODTRUCK_ID_NOT_FOUND": "FoodTruck with the specified ID does not exists !",
        "FOODTRUCK_FETCHED_SUCCESS": "FoodTruck fetched successfully !",
        "FOODTRUCK_ERROR": "Error getting FoodTruck !",
        "MISSING_GET_BY_ID": "Missing data in FunctionFoodTruckController.getById request !",
        "MISSING_DELETE": "Missing data in FunctionFoodTruckController.delete request !",
        "INVALID_FOODTRUCK_FOR": "Invalid FoodTruck for!",
        "FOODTRUCK_DELETED_SUCCESS": "FoodTruck deleted successfully !"
    },
    "EVENTSCHEDULE": {
        "MISSING_CREATE": "Missing data in EventScheduleController.create request !",
        "EVENTSCHEDULE_CREATED_SUCCESS": "EventSchedule created successfully !",
        "MISSING_UPDATE": "Missing data in EventScheduleController.update request !",
        "EVENTSCHEDULE_UPDATED_SUCCESS": "EventSchedule updated successfully !",
        "EVENTSCHEDULE_ID_NOT_FOUND": "EventSchedule with the specified ID does not exists !",
        "EVENTSCHEDULE_FETCHED_SUCCESS": "EventSchedule fetched successfully !",
        "EVENTSCHEDULE_ERROR": "Error getting EventSchedule !",
        "MISSING_GET_BY_ID": "Missing data in EventScheduleController.getById request !",
        "MISSING_DELETE": "Missing data in EventScheduleController.delete request !",
        "EVENTSCHEDULE_DELETED_SUCCESS": "EventSchedule deleted successfully !",
        "MISSING_GET_BY_USER": "Missing data in get EventSchedule by user request !",
        "EVENTSCHEDULE_USER_ID_NOT_FOUND": "User's data does not exists !",
        "MISSING_GET_BY_EXPERIENCE": "Missing data in EventScheduleController.getForExperience request !",
        "EVENTSCHEDULE_DETAIL_DELETED_SUCCESS": "EventDetails deleted successfully !"
    },
    "TICKETING": {
        "MISSING_CREATE": "Missing data in TicketDetailController.create request !",
        "TICKETING_CREATED_SUCCESS": "TicketDetail created successfully !",
        "INVALID_DATA": "Invalid data inserting. !",
        "MISSING_SCAN": "Missing data in TicketDetailController.scan request !",
        "TICKETING_SCANNED_SUCCESS": "ticket scan successfully !",
        "TICKETING_SCANNED_ALREADY": "already scan !",
        "TICKETING_SCANNED_INVALID": "invalid ticket !",
        "MISSING_UPDATE": "Missing data in TicketDetailController.update request !",
        "MISSING_UPDATE_STATUS": "Missing data in TicketDetailController.update status request !",
        "TICKETING_UPDATED_SUCCESS": "TicketDetail updated successfully !",
        "TICKET": "Ticket",
        "SUCCESS": "successfully",
        "INVALID_USER": "Invalid data user !",
        "MISSING_GET_ALL_TICKET": "Missing data in TicketController.getAllTicket request !",
        "INVALID_INFO": "Invalid information !",
        "TICKETING_FETCHED_SUCCESS": "Ticket fetched successfully !",
        "MISSING_GET_BY_ID": "Missing data in TicketDetailController.getById request !",
        "MISSING_GET_BY_USER": "Missing data in TicketController.getAllTicket request !",
        "MISSING_GET_MY_INCOME": "Missing data in TicketController.getMyIncome request !",
        "YOUR_INCOME": "Your Income !",
        "MISSING_GET_EXPERIENCE_LIST": "Missing data in TicketController.getExperienceList request !",
        "MISSING_DELETE": "Missing data in TicketDetailController.delete request !",
        "TICKETING_DELETED_SUCCESS": "Ticket delete admin request sent  successfully !",
        "TICKETING_SENT_SUCCESS": "Ticket sent successfully !",
        "TICKETING_SENT_ERROR": "Only allowed free ticket !",
        "MOT_AUTHORIZE": "You are not authorize user !"
    },
    "TICKETITEMDETAIL": {
        "MISSING_CREATE": "Missing data in TicketItemDetailController.create request !",
        "TICKETITEMDETAIL_CREATED_SUCCESS": "TicketItemDetail created successfully !",
        "TICKETITEMDETAIL_ADD_ERROR": "Error adding TicketItemDetail !",
        "MISSING_UPDATE": "Missing data in TicketItemDetailController.update request !",
        "TICKETITEMDETAIL_UPDATED_SUCCESS": "TicketItemDetail updated successfully !",
        "TICKETITEMDETAIL_ID_NOT_FOUND": "TicketItemDetail with the specified ID does not exists !",
        "TICKETITEMDETAIL_FETCHED_SUCCESS": "TicketItemDetail fetched successfully !",
        "TICKETITEMDETAIL_ERROR": "Error getting TicketItemDetail !",
        "MISSING_GET_BY_USER": "Missing data in TicketItemDetailController.getByUser request !",
        "MISSING_GET_BY_ID": "Missing data in TicketItemDetailController.getById request !",
        "MISSING_DELETE": "Missing data in TicketItemDetailController.delete request !",
        "TICKETITEMDETAIL_DELETED_SUCCESS": "TicketItemDetail deleted successfully !",
        "MISSING_GET_ALL_TICKET": "Missing data in TicketItemDetailController.getAllTicket request !"
    },
    "CHAT": {
        "CHATROOM_FETCHED_SUCCESS": "Chatroom fetched successfully !",
        "CHAT_ERROR": "Error getting Chat !",
        "MISSING_GET_USER_CHATS_BY_TYPE": "Missing data in ChatController.getUserChatsByType request !",
        "CHAT_FETCHED_SCUCCESS": "Chats fetched successfully !",
        "MISSING_GET_ALL_BY_GROUP": "Missing data in ChatController.getAllByGroup request !",
        "CHAT_USER_DETAIL_FETCHED": "User Details successfully fetched !",
        "MISSING_INITIATE_CHAT": "Missing data in ChatController.initiateChat request !",
        "CHAT_INITIATED_SUCCESS": "Chat initiated successfully !",
        "MISSING_CREATE_GROUP_CHAT": "Missing data in ChatController.createGroupChat request !",
        "CHAT_GROUP_ADD_USER_SUCCESS": "add user successfully !",
        "MISSING_SEND_MESSAGE": "Missing data in ChatController.sendMessage request !",
        "CHAT_MESSAGE_SENT_SUCCESS": "Message sent successfully !",
        "MISSING_GET_OLD_MESSAGES": "Missing data in ChatController.getOldMessages request !",
        "CHATROOM_FETCHED_SCUCCESS": "Chat Room fetched successfully !",
        "CHATROOM_ERROR": "Error getting Chat Room !",
        "SOCKET_EVENT_NAME": {
            "CONNECTION": "connection",
            "CONNECTUSER": "connectUser",
            "ONLINEUSER": "onlineUser",
            "ACTIVEUSER": "activeUser",
            "JOIN": "join",
            "HISTORY": "history",
            "TYPING": "typing",
            "DELETE_MESSAGE": "delete-message",
            "NEW_MESSAGE": "new-message",
            "DISCONNECT": "disconnect",
            "ERROR": "error"
        }
    },
    "ANNOUNCEMENT": {
        "MISSING_CREATE": "Missing data in AnnouncementController.create request !",
        "ANNOUNCEMENT_CREATED_SUCCESS": "Announcement created successfully !",
        "MISSING_UPDATE": "Missing data in AnnouncementController.update request !",
        "ANNOUNCEMENT_UPDATED_SUCCESS": "Announcement updated successfully !",
        "ANNOUNCEMENT_ID_NOT_FOUND": "Announcement with the specified ID does not exists !",
        "ANNOUNCEMENT_FETCHED_SUCCESS": "Announcement fetched successfully !",
        "ANNOUNCEMENT_ERROR": "Error getting Announcement !",
        "MISSING_GET_BY_ID": "Missing data in AnnouncementController.getById request !",
        "MISSING_GET_BY_USER": "Missing data in AnnouncementController.getByUser request !",
        "USER_DATA_NOT_EXIST": "user's data does not exists !",
        "MISSING_GET_FOR_EXPERIENCE": "Missing data in AnnouncementController.getForExperience request !",
        "EXPERIENCE_NOT_FOUND": "Experience not found !",
        "MISSING_DELETE_FOR_EXPERIENCE": "Missing data in AnnouncementController.deleteForExperience request !",
        "ANNOUNCEMENT_EVENTDETAIL_DELETED_SUCCESS": "EventDetails deleted successfully !",
        "MISSING_DELETE": "Missing data in AnnouncementController.delete request !",
        "ANNOUNCEMENT_DELETED_SUCCESS": "Announcement deleted successfully !"
    },
    "ANSWER": {
        "MISSING_CREATE": "Missing data in AnswerController.create request !",
        "ANSWER_CREATED_SUCCESS": "Answer created successfully !",
        "MISSING_UPDATE": "Missing data in AnswerController.update request !",
        "ANSWER_UPDATED_SUCCESS": "Answer updated successfully !",
        "ANSWER_ID_NOT_FOUND": "Answer with the specified ID does not exists !",
        "ANSWER_FETCHED_SUCCESS": "Answer fetched successfully !",
        "ANSWER_ERROR": "Error getting Answer !",
        "MISSING_GET_BY_ID": "Missing data in AnswerController.getById request !",
        "MISSING_GET_BY_USER": "Missing data in AnswerController.getByUser request !",
        "MISSING_DELETE": "Missing data in AnswerController.delete request !",
        "ANSWER_DELETED_SUCCESS": "Answer deleted successfully !"
    },
    "CARDDETAIL": {
        "MISSING_CREATE": "Missing data in CardDetailController.create request !",
        "CARDDETAIL_CREATED_SUCCESS": "CardDetail add successfully !",
        "CARDDETAIL_ID_NOT_FOUND": "CardDetail with the specified ID does not exists !",
        "CARD_ALREADY_EXIST": "Card Already Exists !",
        "INVALID_CARD_DETAIL": "Invalid CardDetails !",
        "ADD_CARD_DETAIL_FAILED": "Add Card Detail Failed !",
        "CARDDETAIL_ERROR": "Error getting CardDetail !",
        "MISSING_GET_BY_ID": "Missing data in CardDetailController.getById request !",
        "MISSING_GET_DEFAULT_CARD_OF_USER": "Missing data in CardDetailController.getDefaultCardOfUser request !",
        "MISSING_GET_BY_USER": "Missing data in CardDetailController.getByUser request !",
        "CARDDETAIL_FETCHED_SUCCESS": "CardDetail fetched successfully !",
        "MISSING_CHANGE_DEFAULT_CARD": "Missing data in CardDetailController.changeDefaultCard request !",
        "DEFAULT_CARD_CHANGED_SUCCESS": "Default Card set Successfully !",
        "DEFAULT_CARD_ID_NOT_FOUND": "Default Card with the specified ID does not exists !",
        "MISSING_DELETE": "Missing data in CardDetailController.delete request !",
        "CARDDETAIL_DELETED_SUCCESS": "CardDetail deleted successfully !",
        "CARDDETAIL_DELETED_FAILED": "CardDetail deletion failed !",
        "SELECT_CARD_DETAIL": "please select your card detail"
    },
    "AUTHORIZEPAYMENT": {
        "MISSING_PAY": "Missing data in PaymentController.pay request !",
        "PAYMENT_FAILED": "Payment Failed !",
        "MISSING_GET_TRANSACTION_DETAIL": "Missing data in PaymentController.getTransactionDetail request !",
        "TRANSACTION_DETAIL_FETCHED_SUCCESS": "Transaction Detail fetched successfully !",
        "MISSING_REFUND_REQUEST": "Missing data in PaymentController.refund request !",
        "REFUND_REQUEST_SUCCESS": "Refund request sent successfully !",
        "MISSING_REFUND_ACCEPT": "Missing data in PaymentController.refundAccept request !"
    },
    "BLOCKDETAILS": {
        "MISSING_BLOCK": "Missing data in BlockDetailController.block request !",
        "BLOCK_SUCCESS": "Block Successfully !",
        "BLOCK_ERROR": "Error getting Blocking !",
        "MISSING_GET_BY_USER": "Missing data in BlockDetailController.getByUser request !",
        "BLOCK_DETAIL_FETCHED_SUCCESS": "Block Detail fetched successfully !"
    },
    "BUSINESS": {
        "MISSING_CREATE": "Missing data in BusinessController.create request !",
        "BUSINESS_CREATED_SUCCESS": "Business created successfully !",
        "MISSING_UPDATE": "Missing data in BusinessController.update request !",
        "BUSINESS_UPDATED_SUCCESS": "Business updated successfully !",
        "BUSINESS_ID_NOT_FOUND": "Business with the specified ID does not exists !",
        "BUSINESS_FETCHED_SUCCESS": "Business fetched successfully !",
        "BUSINESS_ERROR": "Error getting Business !",
        "MISSING_GET_ALL_BY_USER": "Missing data in BusinessController.getAllByUser request !",
        "MISSING_GET_BY_ID": "Missing data in BusinessController.getById request !",
        "MISSING_GET_BY_USER": "Missing data in BusinessController.getByUser request !",
        "MISSING_DELETE": "Missing data in BusinessController.delete request !",
        "BUSINESS_DELETED_SUCCESS": "Business deleted successfully !"
    },
    "DELIVERY_ADDRESS": {
        "MISSING_CREATE": "Missing data in DeliveryAddressController.create request !",
        "DELIVERY_ADDRESS_CREATED_SUCCESS": "DeliveryAddress add successfully !",
        "MISSING_UPDATE": "Missing data in DeliveryAddressController.update request !",
        "DELIVERY_ADDRESS_UPDATED_SUCCESS": "DeliveryAddress updated successfully !",
        "DELIVERY_ADDRESS_SET_SUCCESS": "DeliveryAddress default set successfully !",
        "DELIVERY_ADDRESS_ID_NOT_FOUND": "DeliveryAddress with the specified ID does not exists !",
        "DELIVERY_ADDRESS_FETCHED_SUCCESS": "DeliveryAddress fetched successfully !",
        "DELIVERY_ADDRESS_ERROR": "Error getting DeliveryAddress !",
        "MISSING_GET_BY_ID": "Missing data in DeliveryAddressController.getById request !",
        "MISSING_DELETE": "Missing data in DeliveryAddressController.delete request !",
        "DELIVERY_ADDRESS_DELETED_SUCCESS": "DeliveryAddress deleted successfully !",
        "MISSING_CHANGE_DEFAULT": "Missing data in DeliveryAddressController.changeDefault request"
    },
    "COLLABORATOR": {
        "MISSING_CREATE": "Missing data in CollaboratorController.create request !",
        "COLLABORATOR_CREATED_SUCCESS": "Collaborator add successfully !",
        "MISSING_UPDATE": "Missing data in CollaboratorController.update request !",
        "COLLABORATOR_UPDATED_SUCCESS": "Collaborator updated successfully !",
        "COLLABORATOR_ID_NOT_FOUND": "Collaborator with the specified ID does not exists !",
        "COLLABORATOR_FETCHED_SUCCESS": "Collaborator fetched successfully !",
        "COLLABORATOR_ERROR": "Error getting Collaborator !",
        "MISSING_GET_BY_ID": "Missing data in CollaboratorController.getById request !",
        "MISSING_DELETE": "Missing data in CollaboratorController.delete request !",
        "COLLABORATOR_DELETED_SUCCESS": "Collaborator deleted successfully !"
    },
    "COMMENT": {
        "MISSING_CREATE": "Missing data in CommentController.create request !",
        "COMMENT_FOR_NOT_VERIFIED": "commentFor is not verified in CommentController.add. Please verify comment !",
        "COMMENT_FOR_EXPERIENCE": "commented in your experience",
        "COMMENT_FOR_POST": "commented in your post :",
        "COMMENT_FOR_STORE": "commented in your store :",
        "COMMENT_CREATED_SUCCESS": "Comment add successfully !",
        "MISSING_UPDATE": "Missing data in CommentController.update request !",
        "COMMENT_UPDATED_SUCCESS": "Comment updated successfully !",
        "COMMENT_ID_NOT_FOUND": "Comment with the specified ID does not exists !",
        "COMMENT_FETCHED_SUCCESS": "Comment fetched successfully !",
        "COMMENT_ERROR": "Error getting Comment !",
        "MISSING_GET_BY_PARENT_ID": "Missing data in CommentController.getByParentId request!",
        "MISSING_GET_BY_ID": "Missing data in CommentController.getById request !",
        "MISSING_DELETE": "Missing data in CommentController.delete request !",
        "COMMENT_DELETED_SUCCESS": "Comment deleted successfully !"
    },
    "CONTENT": {
        "MISSING_CREATE": "Missing data in ContentController.create request !",
        "CONTENT_CREATED_SUCCESS": "Content add successfully !",
        "MISSING_UPDATE": "Missing data in ContentController.update request !",
        "CONTENT_UPDATED_SUCCESS": "Content updated successfully !",
        "CONTENT_ID_NOT_FOUND": "Content with the specified ID does not exists !",
        "CONTENT_FETCHED_SUCCESS": "Content fetched successfully !",
        "MISSING_DELETE": "Missing data in ContentController.delete request !",
        "CONTENT_DELETED_SUCCESS": "Content deleted successfully !"
    },
    "EXOERIENCEINVITEDETAIL": {
        "MISSING_CREATE": "Missing data in ExperienceInviteDetailController.create request !",
        "EXOERIENCEINVITEDETAIL_CREATED_SUCCESS": "ExperienceInviteDetail add successfully !",
        "MISSING_UPDATE": "Missing data in ExperienceInviteDetailController.update request !",
        "EXOERIENCEINVITEDETAIL_UPDATED_SUCCESS": "ExperienceInviteDetail updated successfully !",
        "EXOERIENCEINVITEDETAIL_ID_NOT_FOUND": "ExperienceInviteDetail with the specified ID does not exists !",
        "EXOERIENCEINVITEDETAIL_FETCHED_SUCCESS": "ExperienceInviteDetail fetched successfully !",
        "MISSING_DELETE": "Missing data in ExperienceInviteDetailController.delete request !",
        "EXOERIENCEINVITEDETAIL_DELETED_SUCCESS": "ExperienceInviteDetail deleted successfully !",
        "EXOERIENCEINVITEDETAIL_ERROR": "Error getting ExperienceInviteDetail !",
        "MISSING_GET_BY_ID": "Missing data in ExperienceInviteDetailController.getById request !"
    },
    "SEATING": {
        "MISSING_CREATE": "Missing data in SeatingController.create request !",
        "INVALID_SEATING_FOR": "Invalid seating for the specified experience !",
        "SEATING_CREATED_SUCCESS": "Seating add successfully !",
        "MISSING_UPDATE": "Missing data in SeatingController.update request !",
        "SEATING_UPDATED_SUCCESS": "Seating updated successfully !",
        "SEATING_SET_SUCCESS": "Seating default set successfully !",
        "SEATING_ID_NOT_FOUND": "Seating with the specified ID does not exists!",
        "SEATING_FETCHED_SUCCESS": "Seating fetched successfully !",
        "SEATING_ERROR": "Error getting Seating !",
        "MISSING_GET_BY_ID": "Missing data in SeatingController.getById request !",
        "MISSING_GET_ALL": "Missing data in SeatingController.getAll request !",
        "MISSING_GET_BY_USER": "Missing data in SeatingController.getByUser request !",
        "MISSING_GET_FOR_EXPERIECE_ID": "Missing data in SeatingController.getForExperienceId request",
        "MISSING_DELETE": "Missing data in SeatingController.delete request !",
        "SEATING_DELETED_SUCCESS": "Seating deleted successfully !",
        "SEATING_SCANNED_SUCCESS": "Seating scan successfully !",
        "SEATING_SCANNED_ALREADY": "already scan !",
        "SEATING_SCANNED_INVALID": "invalid seating !",
        "MISSING_CHANGE_DEFAULT": "Missing data in SeatingController.changeDefault request"
    },
    "FOLLOWDETAIL": {
        "MISSING_FOLLOW": "Missing data in FollowDetailController.follow request !",
        "SELF_FOLLOW": "You cannot follow yourself !",
        "FOLLOW_ALREADY_EXIST": "Data already exists in FollowDetailController.follow !",
        "REQUEST_FOLLOW": "requested to follow you !",
        "FOLLOWDETAIL_CREATED_SUCCESS": "FollowDetail add successfully !",
        "MISSING_FOLLOW_ACCEPT": "Missing data in FollowDetailController.followAccept request !",
        "ACCEPT_FOLLOW": "accepted your follow request !",
        "FOLLOWDETAIL_ACCEPTED_SUCCESS": "Follow Request Accepted successfully !",
        "FOLLOWDETAIL_ACCEPTED_FAILED": "Issue with update in FollowDetailController.followAccept !",
        "FOLLOWDETAIL_NOT_EXIST": "Invitation not found in FollowDetailController.followAccept !",
        "MISSING_FOLLOW_DECLINE": "Missing data in FollowDetailController.followDecline request !",
        "FOLLOWDETAIL_DECLINED_SUCCESS": "Follow Request Declined successfully !",
        "FOLLOWDETAIL_LIST_SUCCESS": "FollowDetail list successfully !",
        "FLLOWDETAIL_ERROR": "Error getting FollowDetail !",
        "MISSING_GET_USER_FOLLOWER": "Missing data in FollowDetailController.getUserFollower request !",
        "MISSING_GET_USER_FOLLOWING": "Missing data in FollowDetailController.getUserFollowing request !",
        "MISSING_UNFOLLOW_USER": "Missing data in FollowDetailController.unfollowUser request !",
        "UNFOLLOW_USER": "unfollowed successfully !",
        "UNFOLLOW_ID_NOT_FOUND": "unfolllow with the specified ID does not exists !",
        "MISSING_REMOVE_FOLLOW": "Missing data in FollowDetailController.removeFollow request !",
        "REMOVE_FOLLOW": "unfollowed successfully !",
        "REMOVE_ID_NOT_FOUND": "unfolllow with the specified ID does not exists !"
    },
    "FUNCTIONFIELDDETAIL": {
        "MISSING_CREATE": "Missing data in FunctionFieldDetailController.create request !",
        "FUNCTIONFIELDDETAIL_CREATED_SUCCESS": "FunctionFieldDetail add successfully !",
        "MISSING_UPDATE": "Missing data in FunctionFieldDetailController.update request !",
        "FUNCTIONFIELDDETAIL_UPDATED_SUCCESS": "FunctionFieldDetail updated successfully !",
        "ADD_SUCCESS": "added successfully !",
        "DELETE_SUCCESS": "deleted successfully !",
        "FUNCTIONFIELDDETAIL_ID_NOT_FOUND": "FunctionFieldDetail with the specified ID does not exists !",
        "FUNCTIONFIELDDETAIL_FETCHED_SUCCESS": "FunctionFieldDetail fetched successfully !",
        "FUNCTIONFIELDDETAIL_ERROR": "Error getting FunctionFieldDetail !",
        "MISSING_GET_BY_ID": "Missing data in FunctionFieldDetailController.getById request !",
        "MISSING_DELETE": "Missing data in FunctionFieldDetailController.delete request !",
        "FUNCTIONFIELDDETAIL_DELETED_SUCCESS": "FunctionFieldDetail deleted successfully !"
    },
    "FUNCTION": {
        "MISSING_CREATE": "Missing data in FunctionController.create request !",
        "FUNCTION_CREATED_SUCCESS": "Function add successfully !",
        "MISSING_UPDATE": "Missing data in FunctionController.update request !",
        "FUNCTION_UPDATED_SUCCESS": "Function updated successfully !",
        "FUNCTION_ID_NOT_FOUND": "Function with the specified ID does not exists !",
        "FUNCTION_FETCHED_SUCCESS": "Function fetched successfully !",
        "FUNCTION_ERROR": "Error getting Function !",
        "MISSING_GET_BY_ID": "Missing data in FunctionController.getById request !",
        "MISSING_GET_ALL": "Missing data in FunctionController.getAll request !",
        "MISSING_DELETE": "Missing data in FunctionController.delete request !",
        "FUNCTION_DELETED_SUCCESS": "Function deleted successfully !",
        "ADD_SUCCESS": "added successfully !",
        "DELETE_SUCCESS": "deleted successfully !"
    },
    "FUNCTIONVALUEDETAIL": {
        "MISSING_CREATE": "Missing data in FunctionValueDetailController.create request !",
        "FUNCTIONVALUEDETAIL_CREATED_SUCCESS": "Function field added successfully !",
        "MISSING_UPDATE": "Missing data in FunctionValueDetailController.update request !",
        "FUNCTIONVALUEDETAIL_UPDATED_SUCCESS": "FunctionValueDetail updated successfully !",
        "FUNCTIONVALUEDETAIL_ID_NOT_FOUND": "FunctionValueDetail with the specified ID does not exists !",
        "FUNCTIONVALUEDETAIL_FETCHED_SUCCESS": "FunctionValueDetail fetched successfully !",
        "FUNCTIONVALUEDETAIL_ERROR": "Error getting FunctionValueDetail !",
        "MISSING_GET_BY_ID": "Missing data in FunctionValueDetailController.getById request !",
        "MISSING_DELETE": "Missing data in FunctionValueDetailController.delete request !",
        "FUNCTIONVALUEDETAIL_DELETED_SUCCESS": "FunctionValueDetail deleted successfully !",
        "ADD_SUCCESS": "added successfully !",
        "DELETE_SUCCESS": "deleted successfully !"
    },
    "HOMEFEED": {
        "MISSING_GET_HOME_FEED_DATAS": "Missing data in HomeFeedController.getHomeFeedDatas request !",
        "EXPERIENCES_HOME_FEED_DATAS_FETCHED_SUCCESS": "Experiences fetched successfully !",
        "MISSING_GET_HOME_FEED_DATA": "Missing data in HomeFeedController.getHomeFeedData request !",
        "MISSING_INCORRECT_HOME_FEED_DATA": "Missing or incorrect type in homefeed request !",
        "MISSING_GET_HOME_FEED_MOST_POPULAR": "Missing data in HomeFeedController.getHomeFeedMostPopular request !",
        "MISSING_GET_HOME_FEED_NEWEST": "Missing data in HomeFeedController.getHomeFeedNewest request !",
        "MISSING_GET_HOME_FEED_FOLLOWING": "Missing data in HomeFeedController.getHomeFeedFollowing request !"
    },
    "HOTEL": {
        "MISSING_CREATE": "Missing data in HotelController.create request !",
        "HOTEL_CREATED_SUCCESS": "Hotel add successfully !",
        "MISSING_UPDATE": "Missing data in HotelController.update request !",
        "HOTEL_UPDATED_SUCCESS": "Hotel updated successfully !",
        "HOTEL_ID_NOT_FOUND": "Hotel with the specified ID does not exists !",
        "HOTEL_FETCHED_SUCCESS": "Hotel fetched successfully !",
        "HOTEL_ERROR": "Error getting Hotel !",
        "MISSING_GET_BY_ID": "Missing data in HotelController.getById request !",
        "MISSING_GET_ALL": "Missing data in HotelController.getAll request !",
        "MISSING_DELETE": "Missing data in HotelController.delete request !",
        "HOTEL_DELETED_SUCCESS": "Hotel deleted successfully !",
        "ADD_SUCCESS": "added successfully !",
        "DELETE_SUCCESS": "deleted successfully !"
    },
    "INVITE": {
        "INVITE_ERROR": "Error getting Invite !",
        "MISSING_UPDATE": "Missing data in InviteController.update request !",
        "INVITE_UPDATED_SUCCESS": "Invite updated successfully !",
        "INVITE_ID_NOT_FOUND": "Invite with the specified ID does not exists !",
        "INVITE_FETCHED_SUCCESS": "Invite fetched successfully !",
        "MISSING_GET_BY_ID": "Missing data in InviteController.getById request !",
        "MISSING_UPDATE_INVITATION": "Missing data in InviteController.updateInvitation request !",
        "INVITATION_ACCEPTED": "Invitation Accepted",
        "INVITATION_DECLINED": "Invitation Declined",
        "INVITE_NOT_FOUND": "Invitation update failed as you are not currently invited.",
        "MISSING_DELETE_GUEST": "Missing data in InviteController.deleteGuest request !",
        "GUEST_DELETED_SUCCESS": "Guest deleted successfully !",
        "NOT_ABLE": "You are not able to delete specified guest",
        "MISSING_DELETE": "Missing data in InviteController.delete request !",
        "INVITE_DELETED_SUCCESS": "Invite deleted successfully !"
    },
    "ITEMMODIFIER": {
        "MISSING_CREATE": "Missing data in ItemModifierController.create request !",
        "ITEMMODIFIER_CREATED_SUCCESS": "ItemModifier add successfully !",
        "MISSING_UPDATE": "Missing data in ItemModifierController.update request !",
        "ITEMMODIFIER_UPDATED_SUCCESS": "ItemModifier updated successfully !",
        "ITEMMODIFIER_ID_NOT_FOUND": "ItemModifier with the specified ID does not exists !",
        "ITEMMODIFIER_FETCHED_SUCCESS": "ItemModifier fetched successfully !",
        "ITEMMODIFIER_ERROR": "Error getting ItemModifier !",
        "MISSING_GET_BY_ID": "Missing data in ItemModifierController.getById request !",
        "MISSING_GET_ALL": "Missing data in ItemModifierController.getAll request !",
        "MISSING_DELETE": "Missing data in ItemModifierController.delete request !",
        "ITEMMODIFIER_DELETED_SUCCESS": "ItemModifier deleted successfully !"
    },
    "LANDDETAIL": {
        "LANDDETAIL_FETCHED_SUCCESS": "LandDetail fetched successfully !",
        "MISSING_GET_ALL": "Missing data in LandDetailController.getAll request !"
    },
    "LANDTRANSACTION": {
        "MISSING_GET_BY_ID": "Missing data in LandTransactionController.getLandHistory request !",
        "GET_ALL": "get land Transactions successfully !",
        "MISSING_GET_ALL": "Missing data in LandTransactionController.getAll request !",
        "FETCHED_LAND_TRANSACTION_SUCCESS": "Land Transaction fetched successfully !"
    },
    "LIKE": {
        "MISSING_LIKE_UNLIKE_EXPERIENCE": "Missing data in LikeController.likeUnlikeExperience request !",
        "EXPERIENCE_NOT_EXIST": "Experience does not exist !",
        "CONTENT_LIKE_SUCCESS": "Content liked successfully !",
        "CONTENT_UNLIKE_SUCCESS": "Content unliked successfully !",
        "ALREADY_EXPIRENCE_UNLIKE": "You have already unliked this experience !",
        "ALREADY_EXPIRENCE_LIKE": "You have already liked this experience !",
        "MISSING_LIKE_UNLIKE_POST": "Missing data in LikeController.likeUnlikePost request !",
        "POST_NOT_EXIST": "Post does not exist !",
        "POST_LIKE_SUCCESS": "Post liked successfully !",
        "POST_UNLIKE_SUCCESS": "Post unliked successfully !",
        "ALREADY_POST_UNLIKE": "You have already unliked this post !",
        "ALREADY_POST_LIKE": "You have already liked this post !",
        "MISSING_LIKE_UNLIKE_STORE": "Missing data in LikeController.likeUnlikeStore request !",
        "STORE_NOT_EXIST": "Store does not exist !",
        "STORE_LIKE_SUCCESS": "Store liked successfully !",
        "STORE_UNLIKE_SUCCESS": "Store unliked successfully !",
        "MISSING_UPDATE": "Missing data in LikeController.update request !",
        "LIKE_UPDATED_SUCCESS": "Like updated successfully !",
        "LIKE_ID_NOT_FOUND": "Like with the specified ID does not exists !",
        "MISSING_GET_BY_PARENT_ID": "Missing data in LikeController.getByParentId request !",
        "FETCHED_SUCCESS": "Likes fetched successfully !",
        "LIKE_ERROR": "Error getting Like !",
        "MISSING_GET_BY_ID": "Missing data in LikeController.getById request !"
    },
    "MEETPEOPLE": {
        "MISSING_CREATE": "Missing data in MeetPeopleController.create request !",
        "MEETPEOPLE_CREATED_SUCCESS": "MeetPeople add successfully !",
        "MISSING_UPDATE": "Missing data in MeetPeopleController.update request !",
        "MEETPEOPLE_UPDATED_SUCCESS": "MeetPeople updated successfully !",
        "MEETPEOPLE_ID_NOT_FOUND": "MeetPeople with the specified ID does not exists !",
        "MEETPEOPLE_FETCHED_SUCCESS": "MeetPeople fetched successfully !",
        "MEETPEOPLE_ERROR": "Error getting MeetPeople !",
        "MISSING_GET_BY_ID": "Missing data in MeetPeopleController.getById request !",
        "MISSING_GET_ALL": "Missing data in MeetPeopleController.getAll request !",
        "MISSING_DELETE": "Missing data in MeetPeopleController.delete request !",
        "MEETPEOPLE_DELETED_SUCCESS": "MeetPeople deleted successfully !"
    },
    "MENU": {
        "MISSING_CREATE": "Missing data in MenuController.create request !",
        "MENU_CREATED_SUCCESS": "Menu add successfully !",
        "MISSING_UPDATE": "Missing data in MenuController.update request !",
        "MENU_UPDATED_SUCCESS": "Menu updated successfully !",
        "MENU_ID_NOT_FOUND": "Menu with the specified ID does not exists !",
        "MENU_FETCHED_SUCCESS": "Menu fetched successfully !",
        "MENU_ERROR": "Error getting Menu !",
        "MISSING_GET_BY_ID": "Missing data in MenuController.getById request !",
        "MISSING_GET_ALL": "Missing data in MenuController.getAll request !",
        "MISSING_DELETE": "Missing data in MenuController.delete request !",
        "MENU_DELETED_SUCCESS": "Menu deleted successfully !",
        "MISSING_GET_BY_BUSINESS": "Missing data in MenuController.getByBusiness request !",
        "MISSING_GET_BY_MENU_CATEGORY_ID": "Missing data in MenuController.getByMenuCategoryId request !",
        "MISSING_GET_BY_STORE": "Missing data in MenuController.getByStore request !",
        "MISSING_GET_ALL_MENU_AND_CATEGORY_BY_STORE": "Missing data in MenuController.getAllMenuAndCategoryByStore request !",
        "MISSING_GET_BY_USER": "Missing data in MenuController.getByUser request !"
    },
    "MENUCATEGORY": {
        "MISSING_CREATE": "Missing data in MenuCategoryController.create request !",
        "MENUCATEGORY_CREATED_SUCCESS": "Category add successfully !",
        "MISSING_UPDATE": "Missing data in MenuCategoryController.update request !",
        "MENUCATEGORY_UPDATED_SUCCESS": "Category updated successfully !",
        "MENUCATEGORY_ID_NOT_FOUND": "Category with the specified ID does not exists !",
        "MENUCATEGORY_FETCHED_SUCCESS": "Category fetched successfully !",
        "MENUCATEGORY_ERROR": "Error getting Category !",
        "MISSING_GET_BY_ID": "Missing data in MenuCategoryController.getById request !",
        "MISSING_GET_ALL": "Missing data in MenuCategoryController.getAll request !",
        "MISSING_DELETE": "Missing data in MenuCategoryController.delete request !",
        "MENUCATEGORY_DELETED_SUCCESS": "Category deleted successfully !"
    },
    "MODELBIDDETAIL": {
        "MISSING_CREATE": "Missing data in ModelBidDetailController.create request !",
        "MODELBIDDETAIL_CREATED_SUCCESS": "ModelBidDetail add successfully !",
        "MISSING_UPDATE": "Missing data in ModelBidDetailController.update request !",
        "MODELBIDDETAIL_UPDATED_SUCCESS": "ModelBidDetail updated successfully !",
        "MODELBIDDETAIL_ID_NOT_FOUND": "ModelBidDetail with the specified ID does not exists !",
        "MODELBIDDETAIL_FETCHED_SUCCESS": "ModelBidDetail fetched successfully !",
        "MODELBIDDETAIL_ERROR": "Error getting ModelBidDetail !",
        "MISSING_GET_BY_ID": "Missing data in ModelBidDetailController.getById request !",
        "MISSING_GET_ALL": "Missing data in ModelBidDetailController.getAll request !",
        "MISSING_DELETE": "Missing data in ModelBidDetailController.delete request !",
        "MODELBIDDETAIL_DELETED_SUCCESS": "ModelBidDetail deleted successfully !",
        "INVALID_INPUT": "Invalid input parameter !!",
        "MODEL_NOT_FOUND": "Model not found !",
        "USER_AND_CREATOR_BOTH_ARE_SAME": "User and creator both are same !",
        "MISSING_GET_MODEL_BID_DETAILS_BY_MODEL_ID": "Missing data in ModelBidDetailController.getModelBidDetailsByModelId request !",
        "INVALID_QUERY_PARAMETER": "Invalid query parameter !"
    },
    "MODELBIDHISTORY": {
        "MISSING_GET_HISTORY_BY_MODEL_ID": "Missing data in ModelBidHistoryController.getHistoryByModelId request !",
        "MODEL_BID_HISTORY_FETCHED_SUCCESS": "ModelBidHistory fetched successfully !",
        "MODELBIDHISTORY_ID_NOT_FOUND": "ModelBidHistory with the specified ID does not exists !"
    },
    "MODELDETAIL": {
        "MISSING_CREATE": "Missing data in ModelDetailController.create request !",
        "MODELDETAIL_CREATED_SUCCESS": "ModelDetail add successfully !",
        "PERDAY_NUMBER": "Per day must be number field !",
        "PREHOURS_NUMBER": "Per hours must be number field !",
        "SHOES_NUMBER": "Shoes must be number field !",
        "DRESS_NUMBER": "Dress must be number field !",
        "MISSING_UPDATE": "Missing data in ModelDetailController.update request !",
        "MODELDETAIL_UPDATED_SUCCESS": "ModelDetail updated successfully !",
        "MODELDETAIL_ID_NOT_FOUND": "ModelDetail with the specified ID does not exists !",
        "MODELDETAIL_FETCHED_SUCCESS": "ModelDetail fetched successfully !",
        "MODELDETAIL_ERROR": "Error getting ModelDetail !",
        "MISSING_GET_BY_ID": "Missing data in ModelDetailController.getById request !",
        "MISSING_DELETE": "Missing data in ModelDetailController.delete request !",
        "MODELDETAIL_DELETED_SUCCESS": "ModelDetail deleted successfully !",
        "INVALID_MODEL_FOR": "Invalid model for !"
    },
    "MODIFIEROPTION": {
        "MISSING_CREATE": "Missing data in ModifierOptionController.create request !",
        "MODIFIEROPTION_CREATED_SUCCESS": "ModifierOption add successfully !",
        "MISSING_UPDATE": "Missing data in ModifierOptionController.update request !",
        "MODIFIEROPTION_UPDATED_SUCCESS": "ModifierOption updated successfully !",
        "MODIFIEROPTION_ID_NOT_FOUND": "ModifierOption with the specified ID does not exists !",
        "MODIFIEROPTION_FETCHED_SUCCESS": "ModifierOption fetched successfully !",
        "MODIFIEROPTION_ERROR": "Error getting ModifierOption !",
        "MISSING_GET_BY_ID": "Missing data in ModifierOptionController.getById request !",
        "MISSING_GET_ALL": "Missing data in ModifierOptionController.getAll request !",
        "MISSING_DELETE": "Missing data in ModifierOptionController.delete request !",
        "MODIFIEROPTION_DELETED_SUCCESS": "ModifierOption deleted successfully !",
        "MISSING_GET_BY_MODIFIER": "Missing data in ModifierOptionController.getByModifier request !"
    },
    "NOTIFICATION": {
        "MISSING_CREATE": "Missing data in NotificationController.create request !",
        "NOTIFICATION_CREATED_SUCCESS": "Notification add successfully !",
        "MISSING_UPDATE": "Missing data in NotificationController.update request !",
        "NOTIFICATION_UPDATED_SUCCESS": "Notification updated successfully !",
        "NOTIFICATION_ID_NOT_FOUND": "Notification with the specified ID does not exists !",
        "NOTIFICATION_FETCHED_SUCCESS": "Notification fetched successfully !",
        "NOTIFICATION_ERROR": "Error getting Notification !",
        "MISSING_GET_BY_ID": "Missing data in NotificationController.getById request !",
        "MISSING_GET_ALL": "Missing data in NotificationController.getAll request !",
        "MISSING_DELETE": "Missing data in NotificationController.delete request !",
        "NOTIFICATION_DELETED_SUCCESS": "Notification deleted successfully !",
        "MISSING_GET_BY_USER_ID": "Missing data in NotificationController.getByUserId request !",
        "MISSING_GET_NOTIFICATION_COUNT": "Missing data in NotificationController.getNotificationCount request !",
        "NOTIFICATION_COUNT_FETCHED_SUCCESS": "Notification count fetched successfully !"
    },
    "NOTIFICATIONMUTE": {
        "MISSING_CREATE": "Missing data in NotificationMuteController.create request !",
        "NOTIFICATIONMUTE_CREATED_SUCCESS": "NotificationMute add successfully !",
        "MISSING_UPDATE": "Missing data in NotificationMuteController.update request !",
        "NOTIFICATIONMUTE_UPDATED_SUCCESS": "NotificationMute updated successfully !",
        "NOTIFICATIONMUTE_ID_NOT_FOUND": "NotificationMute with the specified ID does not exists !",
        "NOTIFICATIONMUTE_FETCHED_SUCCESS": "NotificationMute fetched successfully !",
        "NOTIFICATIONMUTE_ERROR": "Error getting NotificationMute !",
        "MISSING_GET_BY_ID": "Missing data in NotificationMuteController.getById request !",
        "MISSING_GET_ALL": "Missing data in NotificationMuteController.getAll request !",
        "MISSING_DELETE": "Missing data in NotificationMuteController.delete request !",
        "NOTIFICATIONMUTE_DELETED_SUCCESS": "NotificationMute deleted successfully !",
        "MISSING_GET_BY_USER_ID": "Missing data in NotificationMuteController.getByUserId request !",
        "MISSING_GET_NOTIFICATION_COUNT": "Missing data in NotificationMuteController.getNotificationCount request !",
        "NOTIFICATIONMUTE_COUNT_FETCHED_SUCCESS": "NotificationMute count fetched successfully !"
    },
    "ORDER": {
        "DELIVERY_TYPE_IS_NOT_VERIFIED": "DeliveryType is not verified, try with verified DeliveryType !",
        "ORDER_CREATED_SUCCESS": "Order added successfully !",
        "ORDER_ERROR": "Error getting Order !",
        "ORDER_UPDATE_SUCCESS": "Order updated successfully !",
        "ORDER_UPDATE_ERROR": "Error updating Order !",
        "ORDER_ID_NOT_FOUND": "Order with the specified ID does not exists !",
        "MISSING_ADD_ITEM_TO_ORDER": "Missing data in OrderController.addItemToOrder request !",
        "ITEM_ADD_SUCCESS": "Item added to your order successfully !",
        "MISSING_REMOVE_ITEM_FROM_ORDER": "Missing data in OrderController.removeItemFromOrder request !",
        "ITEM_REMOVE_SUCCESS": "Item removed from your order successfully !",
        "ORDER_FETCHED_SUCCESS": "Order fetched successfully !",
        "MISSING_GET_BY_ID": "Missing data in OrderController.getById request !",
        "MISSING_GET_BY_USER": "Missing data in OrderController.getByUser request !",
        "MISSING_GET_RECEIVED_ORDER": "Missing data in OrderController.getReceivedOrder request !",
        "MISSING_GET_BY_STORE": "Missing data in OrderController.getByStore request !",
        "MISSING_CANCEL_ORDER_BY_STORE": "Missing data in OrderController.cancelOrderByStore request !",
        "ORDER_CANCEL_SUCCESS": "Order cancelled successfully !",
        "UNABLE_TO_CANCEL_ORDER": "Unable to cancel order !",
        "MISSING_DELETE": "Missing data in OrderController.delete request !",
        "ORDER_DELETED_SUCCESS": "Order deleted successfully !"
    },
    "ORDERITEM": {
        "MISSING_CREATE": "Missing data in OrderItemController.create request !",
        "ORDERITEM_CREATED_SUCCESS": "OrderItem add successfully !",
        "MISSING_UPDATE": "Missing data in OrderItemController.update request !",
        "ORDERITEM_UPDATED_SUCCESS": "OrderItem updated successfully !",
        "ORDERITEM_ID_NOT_FOUND": "OrderItem with the specified ID does not exists !",
        "MISSING_GET_ALL": "Missing data in OrderItemController.getAll request !",
        "ORDERITEM_ERROR": "Error getting OrderItem !",
        "MISSING_GET_BY_ID": "Missing data in OrderItemController.getById request !",
        "ORDERITEM_FETCHED_SUCCESS": "OrderItem fetched successfully !",
        "MISSING_DELETE": "Missing data in OrderItemController.delete request !",
        "ORDERITEM_DELETED_SUCCESS": "OrderItem deleted successfully !"
    },
    "ORDERMODIFIER": {
        "MISSING_CREATE": "Missing data in OrderModifierController.create request !",
        "ORDERMODIFIER_CREATED_SUCCESS": "OrderModifier add successfully !",
        "MISSING_UPDATE": "Missing data in OrderModifierController.update request !",
        "ORDERMODIFIER_UPDATED_SUCCESS": "OrderModifier updated successfully !",
        "ORDERMODIFIER_ID_NOT_FOUND": "OrderModifier with the specified ID does not exists !",
        "MISSING_GET_ALL": "Missing data in OrderModifierController.getAll request !",
        "ORDERMODIFIER_ERROR": "Error getting OrderModifier !",
        "MISSING_GET_BY_ID": "Missing data in OrderModifierController.getById request !",
        "ORDERMODIFIER_FETCHED_SUCCESS": "OrderModifier fetched successfully !",
        "MISSING_DELETE": "Missing data in OrderModifierController.delete request !",
        "ORDERMODIFIER_DELETED_SUCCESS": "OrderModifier deleted successfully !"
    },
    "ORDEROPTION": {
        "MISSING_CREATE": "Missing data in OrderOptionController.create request !",
        "ORDEROPTION_CREATED_SUCCESS": "OrderOption add successfully !",
        "MISSING_UPDATE": "Missing data in OrderOptionController.update request !",
        "ORDEROPTION_UPDATED_SUCCESS": "OrderOption updated successfully !",
        "ORDEROPTION_ID_NOT_FOUND": "OrderOption with the specified ID does not exists !",
        "MISSING_GET_ALL": "Missing data in OrderOptionController.getAll request !",
        "ORDEROPTION_ERROR": "Error getting OrderOption !",
        "MISSING_GET_BY_ID": "Missing data in OrderOptionController.getById request !",
        "ORDEROPTION_FETCHED_SUCCESS": "OrderOption fetched successfully !",
        "MISSING_DELETE": "Missing data in OrderOptionController.delete request !",
        "ORDEROPTION_DELETED_SUCCESS": "OrderOption deleted successfully !"
    },
    "POST": {
        "MISSING_CREATE": "Missing data in PostController.create request !",
        "POST_CREATED_SUCCESS": "Post add successfully !",
        "MISSING_CREATE_FOR_JOURNAL": "Missing data in PostController.createForJournal request !",
        "MISSING_CREATE_FROM_RESTAURANT": "Missing data in PostController.createFromRestaurant request !",
        "MISSING_UPDATE": "Missing data in PostController.update request !",
        "POST_UPDATED_SUCCESS": "Post updated successfully !",
        "POST_ID_NOT_FOUND": "Post with the specified ID does not exists !",
        "MISSING_UPDATE_RESTAURANT_POST": "Missing data in PostController.updateRestaurantPost request !",
        "POST_FETCHED_SUCCESS": "Post fetched successfully !",
        "MISSING_GET_BY_ID": "Missing data in PostController.getById request !",
        "POST_ERROR": "Error getting Post !",
        "MISSING_DELETE": "Missing data in PostController.delete request !",
        "POST_DELETED_SUCCESS": "Post deleted successfully !",
        "MISSING_GET_FOLLOWING_POSTS": "Missing data in PostController.getFollowingPosts request !",
        "MISSING_GET_HOME_FEED_POSTS": "Missing data in PostController.getHomeFeedPosts request !",
        "MISSING_GET_HOME_FEED_MOST_POPULAR": "Missing data in PostController.getHomeFeedMostPopularPosts request !",
        "MISSING_GET_HOME_FEED_FOLLOWING": "Missing data in PostController.getHomeFeedFollowingPosts request !",
        "MISSING_GET_HOME_FEED_NEWEST": "Missing data in PostController.getHomeFeedNewestPosts request !"
    },
    "PREFERENCE": {
        "MISSING_CREATE": "Missing data in PreferenceController.create request !",
        "PREFERENCE_CREATED_SUCCESS": "Preference add successfully !",
        "MISSING_UPDATE": "Missing data in PreferenceController.update request !",
        "PREFERENCE_UPDATED_SUCCESS": "Preference updated successfully !",
        "PREFERENCE_ID_NOT_FOUND": "Preference with the specified ID does not exists !",
        "MISSING_GET_ALL": "Missing data in PreferenceController.getAll request !",
        "PREFERENCE_ERROR": "Error getting Preference !",
        "MISSING_GET_BY_ID": "Missing data in PreferenceController.getById request !",
        "PREFERENCE_FETCHED_SUCCESS": "Preference fetched successfully !",
        "MISSING_DELETE": "Missing data in PreferenceController.delete request !",
        "PREFERENCE_DELETED_SUCCESS": "Preference deleted successfully !"
    },
    "REPORT": {
        "MISSING_CREATE": "Missing data in ReportController.create request !",
        "REPORT_CREATED_SUCCESS": "Report add successfully !",
        "FEEDBACK_SENT_SUCCESS": "Feedback sent successfully !",
        "MISSING_UPDATE": "Missing data in ReportController.update request !",
        "REPORT_UPDATED_SUCCESS": "Report updated successfully !",
        "REPORT_ID_NOT_FOUND": "Report with the specified ID does not exists !",
        "MISSING_GET_ALL": "Missing data in ReportController.getAll request !",
        "REPORT_ERROR": "Error getting Report !",
        "MISSING_GET_BY_ID": "Missing data in ReportController.getById request !",
        "MISSING_GET_REPORT": "Missing data in ReportController.getByReports request !",
        "REPORT_FETCHED_SUCCESS": "Report fetched successfully !",
        "MISSING_DELETE": "Missing data in ReportController.delete request !",
        "REPORT_DELETED_SUCCESS": "Report deleted successfully !"
    },
    "RESERVATION": {
        "MISSING_CREATE": "Missing data in ReservationController.create request !",
        "RESERVATION_CREATED_SUCCESS": "Reservation add successfully !",
        "MISSING_UPDATE": "Missing data in ReservationController.update request !",
        "RESERVATION_UPDATED_SUCCESS": "Reservation updated successfully !",
        "RESERVATION_ID_NOT_FOUND": "Reservation with the specified ID does not exists !",
        "MISSING_GET_ALL": "Missing data in ReservationController.getAll request !",
        "RESERVATION_ERROR": "Error getting Reservation !",
        "MISSING_GET_BY_ID": "Missing data in ReservationController.getById request !",
        "RESERVATION_FETCHED_SUCCESS": "Reservation fetched successfully !",
        "MISSING_DELETE": "Missing data in ReservationController.delete request !",
        "RESERVATION_DELETED_SUCCESS": "Reservation deleted successfully !",
        "RESERVATION_CONFIRMED": "your reservation is confirmed!",
        "RESERVATION_REJECTED": "your reservation is rejected!",
        "RESERVATION_ACCEPTED": "Reservation accepted successfully !",
        "RESERVATION_DECLINED": "Reservation declined successfully !",
        "MISSING_GET_BY_BUSINESS_ID": "Missing data in ReservationController.getByBusinessId request"
    },
    "REWARD": {
        "MISSING_GET_ALL": "Missing data in RewardController.getAll request !",
        "REWARD_FETCHED_SUCCESS": " Reward fetched successfully !"
    },
    "SHARE": {
        "MISSING_CREATE": "Missing data in ShareController.create request !",
        "SHARE_CREATED_SUCCESS": "Share add successfully !",
        "MISSING_UPDATE": "Missing data in ShareController.update request !",
        "SHARE_UPDATED_SUCCESS": "Share updated successfully !",
        "SHARE_ID_NOT_FOUND": "Share with the specified ID does not exists !",
        "MISSING_GET_ALL": "Missing data in ShareController.getAll request !",
        "SHARE_ERROR": "Error getting Share !",
        "MISSING_GET_BY_ID": "Missing data in ShareController.getById request !",
        "SHARE_FETCHED_SUCCESS": "Share fetched successfully !",
        "MISSING_DELETE": "Missing data in ShareController.delete request !",
        "SHARE_DELETED_SUCCESS": "Share deleted successfully !"
    },
    "STAMP": {
        "MISSING_CREATE": "Missing data in StampController.create request !",
        "STAMP_CREATED_SUCCESS": "Stamp add successfully !",
        "MISSING_UPDATE": "Missing data in StampController.update request !",
        "STAMP_UPDATED_SUCCESS": "Stamp updated successfully !",
        "STAMP_ID_NOT_FOUND": "Stamp with the specified ID does not exists !",
        "MISSING_GET_ALL": "Missing data in StampController.getAll request !",
        "STAMP_ERROR": "Error getting Stamp !",
        "MISSING_GET_BY_ID": "Missing data in StampController.getById request !",
        "STAMP_FETCHED_SUCCESS": "Stamp fetched successfully !",
        "MISSING_DELETE": "Missing data in StampController.delete request !",
        "STAMP_DELETED_SUCCESS": "Stamp deleted successfully !",
        "MISSING_GET_BY_USER_ID": "Missing data in StampController.getByUserId request !",
        "MISSING_BUY": "Missing data in StampController.create request",
        "STAMP_BUY_SUCCESS": "Stamp buy successfully !",
        "MISSING_SELL": "Missing data in StampController.create request",
        "YOU_HAVE_PLACE_ALREADY": "You have already placed in marketplace !",
        "STAMP_SELL_SUCCESS": "Stamp sell successfully !",
        "QUANTITY_NOT_ENOUGH": "Quantity not enough !",
        "NOT_TOKEN_ENOUGH": "Not token alance enough",
        "MISSING_SEND": "Missing data in StampController.send request !",
        "STAMP_SEND_SUCCESS": "Stamp send successfully !",
        "MISSING_SET": "Missing data in StampController.set request !",
        "STAMP_SET_SUCCESS": "Stamp set successfully !",
        "MISSING_GET_COIN_DATA": "Missing data in StampController.getCoinData request !",
        "STAMP_GET_COIN_DATA_SUCCESS": "Stamp get coin data successfully !",
        "MISSING_GET_GIFT_DATA": "Missing data in StampController.getGiftData request !",
        "STAMP_GIFT_DATA_FETCHED_SUCCESS": "Stamp gift data fetched successfully !",
        "MISSING_GET_HISTORY": "Missing data in StampController.getHistory request !",
        "MISSING_GET_MY_STAMP": "Missing data in StampController.getMyStamp request !",
        "MISSING_MYSTAMP": "Missing data in StampController.myStamp request !",
        "MISSING_MY_DEFAULT_STAMP": "Missing data in StampController.create request",
        "STAMP_MY_DEFAULT_STAMP_SUCCESS": "Stamp mystemp successfully !"
    },
    "VIP_STAMP": {
        "MISSING_CREATE": "Missing data in VipStampController.create request !",
        "VIP_STAMP_CREATED_SUCCESS": "VipStamp add successfully !",
        "MISSING_UPDATE": "Missing data in VipStampController.update request !",
        "VIP_STAMP_UPDATED_SUCCESS": "VipStamp updated successfully !",
        "VIP_STAMP_ID_NOT_FOUND": "VipStamp with the specified ID does not exists !",
        "MISSING_GET_ALL": "Missing data in VipStampController.getAll request !",
        "VIP_STAMP_ERROR": "Error getting VipStamp !",
        "MISSING_GET_BY_ID": "Missing data in VipStampController.getById request !",
        "VIP_STAMP_FETCHED_SUCCESS": "VipStamp fetched successfully !",
        "MISSING_DELETE": "Missing data in VipStampController.delete request !",
        "VIP_STAMP_DELETED_SUCCESS": "VipStamp deleted successfully !",
        "MISSING_GET_BY_USER_ID": "Missing data in VipStampController.getByUserId request !",
        "MISSING_BUY": "Missing data in VipStampController.create request",
        "VIP_STAMP_BUY_SUCCESS": "VipStamp buy successfully !",
        "MISSING_SELL": "Missing data in VipStampController.create request",
        "YOU_HAVE_PLACE_ALREADY": "You have already placed in marketplace !",
        "VIP_STAMP_SELL_SUCCESS": "VipStamp sell successfully !",
        "QUANTITY_NOT_ENOUGH": "Quantity not enough !",
        "NOT_TOKEN_ENOUGH": "Not token alance enough",
        "MISSING_SEND": "Missing data in VipStampController.send request !",
        "VIP_STAMP_SEND_SUCCESS": "VipStamp send successfully !",
        "MISSING_SET": "Missing data in VipStampController.set request !",
        "VIP_STAMP_SET_SUCCESS": "VipStamp set successfully !",
        "MISSING_GET_COIN_DATA": "Missing data in VipStampController.getCoinData request !",
        "VIP_STAMP_GET_COIN_DATA_SUCCESS": "VipStamp get coin data successfully !",
        "MISSING_GET_GIFT_DATA": "Missing data in VipStampController.getGiftData request !",
        "VIP_STAMP_GIFT_DATA_FETCHED_SUCCESS": "VipStamp gift data fetched successfully !",
        "MISSING_GET_HISTORY": "Missing data in VipStampController.getHistory request !",
        "MISSING_GET_MY_VIP_STAMP": "Missing data in VipStampController.getMyStamp request !"
    },
    "ANALYTICS": {
        "MISSING_CREATE": "Missing data in analyticsController.create request !",
        "ANALYTICS_CREATED_SUCCESS": "Analytics add successfully !",
        "MISSING_UPDATE": "Missing data in analyticsController.update request !",
        "ANALYTICS_UPDATED_SUCCESS": "Analytics updated successfully !",
        "ANALYTICS_ID_NOT_FOUND": "Analytics with the specified ID does not exists !",
        "MISSING_GET_ALL": "Missing data in analyticsController.getAll request !",
        "ANALYTICS_ERROR": "Error getting Analytics !",
        "MISSING_GET_BY_ID": "Missing data in analyticsController.getById request !",
        "MISSING_GET_BY_ANALYTICS_TYPE": "Missing data in analyticsController.type request !",
        "ANALYTICS_FETCHED_SUCCESS": "Analytics fetched successfully !",
        "MISSING_DELETE": "Missing data in analyticsController.delete request !",
        "ANALYTICS_DELETED_SUCCESS": "Analytics deleted successfully !",
        "MISSING_GET_BY_USER_ID": "Missing data in analyticsController.getByUserId request !",
        "MISSING_BUY": "Missing data in analyticsController.create request",
        "ANALYTICS_BUY_SUCCESS": "Analytics buy successfully !",
        "MISSING_SELL": "Missing data in analyticsController.create request",
        "YOU_HAVE_PLACE_ALREADY": "You have already placed in marketplace !",
        "ANALYTICS_SELL_SUCCESS": "Analytics sell successfully !",
        "QUANTITY_NOT_ENOUGH": "Quantity not enough !",
        "NOT_TOKEN_ENOUGH": "Not token alance enough",
        "MISSING_SEND": "Missing data in analyticsController.send request !",
        "ANALYTICS_SEND_SUCCESS": "Analytics send successfully !",
        "MISSING_SET": "Missing data in analyticsController.set request !",
        "ANALYTICS_SET_SUCCESS": "Analytics set successfully !",
        "MISSING_GET_COIN_DATA": "Missing data in analyticsController.getCoinData request !",
        "ANALYTICS_GET_COIN_DATA_SUCCESS": "Analytics get coin data successfully !",
        "MISSING_GET_GIFT_DATA": "Missing data in analyticsController.getGiftData request !",
        "ANALYTICS_GIFT_DATA_FETCHED_SUCCESS": "Analytics gift data fetched successfully !",
        "MISSING_GET_HISTORY": "Missing data in analyticsController.getHistory request !",
        "MISSING_GET_MY_ANALYTICS": "Missing data in analyticsController.getMyStamp request !"
    },
    "STORE": {
        "MISSING_CREATE": "Missing data in StoreController.create request !",
        "STORE_CREATED_SUCCESS": "Store add successfully !",
        "MISSING_UPDATE": "Missing data in StoreController.update request !",
        "STORE_UPDATED_SUCCESS": "Store updated successfully !",
        "STORE_ID_NOT_FOUND": "Store with the specified ID does not exists !",
        "MISSING_GET_ALL": "Missing data in StoreController.getAll request !",
        "STORE_ERROR": "Error getting Store !",
        "MISSING_GET_BY_ID": "Missing data in StoreController.getById request !",
        "STORE_FETCHED_SUCCESS": "Store fetched successfully !",
        "MISSING_DELETE": "Missing data in StoreController.delete request !",
        "STORE_DELETED_SUCCESS": "Store deleted successfully !",
        "MISSING_GET_ALL_FOR_APP": "Missing data in StoreController.getAllForApp request !",
        "MISSING_GET_FROM_ID": "Missing data in StoreController.getFromId request !",
        "MISSING_GWT_STORE_BY_ID_AND_USER": "Missing data in StoreController.getGwtStoreByIdAndUser request !",
        "MISSING_GET_BY_BUSINESS": "Missing data in StoreController.getByBusiness request !",
        "MISSING_GET_BY_USER": "Missing data in StoreController.getByUser request !"
    },
    "SUPPORT": {
        "MISSING_CREATE": "Missing data in SupportController.create request !",
        "SUPPORT_CREATED_SUCCESS": "We will contact you shortly within 24 hours on your email !",
        "MISSING_UPDATE": "Missing data in SupportController.update request !",
        "SUPPORT_UPDATED_SUCCESS": "Support updated successfully !",
        "SUPPORT_ID_NOT_FOUND": "Support with the specified ID does not exists !",
        "MISSING_GET_ALL": "Missing data in SupportController.getSupports request !",
        "SUPPORT_ERROR": "Error getting Support !",
        "SUPPORT_ADD_ERROR": "Error adding Support !",
        "MISSING_GET_BY_ID": "Missing data in SupportController.getById request !",
        "SUPPORT_FETCHED_SUCCESS": "Support fetched successfully !",
        "MISSING_DELETE": "Missing data in SupportController.delete request !",
        "SUPPORT_DELETED_SUCCESS": "Support deleted successfully !"
    },
    "TAG": {
        "MISSING_CREATE": "Missing data in TagController.create request !",
        "TAG_CREATED_SUCCESS": "Tag add successfully !",
        "MISSING_UPDATE": "Missing data in TagController.update request !",
        "TAG_UPDATED_SUCCESS": "Tag updated successfully !",
        "TAG_ID_NOT_FOUND": "Tag with the specified ID does not exists !",
        "MISSING_GET_ALL": "Missing data in TagController.getAll request !",
        "TAG_ERROR": "Error getting Tag !",
        "MISSING_GET_BY_ID": "Missing data in TagController.getById request !",
        "TAG_FETCHED_SUCCESS": "Tag fetched successfully !",
        "MISSING_DELETE": "Missing data in TagController.delete request !",
        "TAG_DELETED_SUCCESS": "Tag deleted successfully !"
    },
    "TASK": {
        "MISSING_CREATE": "Missing data in TaskController.create request !",
        "TASK_CREATED_SUCCESS": "Task add successfully !",
        "MISSING_UPDATE": "Missing data in TaskController.update request !",
        "TASK_UPDATED_SUCCESS": "Task updated successfully !",
        "TASK_ID_NOT_FOUND": "Task with the specified ID does not exists !",
        "MISSING_GET_ALL": "Missing data in TaskController.getAll request !",
        "TASK_ERROR": "Error getting Task !",
        "MISSING_GET_BY_ID": "Missing data in TaskController.getById request !",
        "TASK_FETCHED_SUCCESS": "Task fetched successfully !",
        "MISSING_DELETE": "Missing data in TaskController.delete request !",
        "TASK_DELETED_SUCCESS": "Task deleted successfully !",
        "MISSING_GET_BY_USER": "Missing data in TaskController.getByUser request !",
        "MISSING_GET_FOR_EXPERIENCE": "Missing data in TaskController.getForExperience request !",
        "MISSING_DELETE_FOR_EXPERIENCE": "Missing data in TaskController.deleteForExperience request !",
        "TASK_DETAILS_DELETE_SUCCESS": "Task details deleted successfully !"
    },
    "TASKDETAILS": {
        "MISSING_ADD": "Missing data in TaskDetailsController.add request !",
        "TASKDETAILS_ADDED_SUCCESS": "Task details added successfully !"
    },
    "USERAUDIT": {
        "USERAUDIT_ID_NOT_FOUND": "User audit with the specified ID does not exists !",
        "USERAUDIT_ERROR": "Error getting User audit !",
        "MISSING_GET_BY_ID": "Missing data in UserAuditController.getById request !",
        "USERAUDIT_FETCHED_SUCCESS": "User audit fetched successfully !"
    },
    "SUPERADMIN": {
        "MISSING_LOGOUT": "Missing data in SuperAdminController.logout request !",
        "SUPERADMIN_LOGOUT_SUCCESSFULLY": "Logout successfully !",
        "EMAIL_ALREADY_EXIST": "Email already exists please login !",
        "SUPERADMIN_CREATED_SUCCESS": "SuperAdmin added successfully !",
        "SUPERADMIN_ADD_ERROR": "Error adding SuperAdmin !",
        "LOGIN_SUCCESS": "Login successfully !",
        "SUPERADMIN_NOT_FOUND": "SuperAdmin not found !",
        "AUTHENTICATE_ERROR": "Error authenticating Super Admin !",
        "MISSING_GET_ALL": "Missing data in SuperAdminController.getAll request !",
        "FETCHED_USER_SUCCESS": "User fetched successfully !",
        "USER_ERROR": "Error getting User !",
        "USER_BASE_URL_ERROR": "Error getting Base url !",
        "MISSING_GET_BY_ID": "Missing data in SuperAdminController.getById request !",
        "USER_ID_NOT_FOUND": "User with the specified ID does not exists !",
        "MISSING_UPDATE": "Missing data in SuperAdminController.update request !",
        "USER_UPDATED_SUCCESS": "User updated successfully !",
        "USER_UPDATE_ERROR": "Error updating User !",
        "MISSING_DELETE": "Missing data in SuperAdminController.delete request !",
        "USER_DELETED_SUCCESS": "User deleted successfully !",
        "MISSING_GET_ALL_FOR_ADMIN": "Missing data in SuperAdminController.getAllForAdmin request !",
        "DASHBOARD_DATA_FETCHED_SUCCESS": "Dashboard data fetched successfully !",
        "COLOR_UPDATE_SUCCESS": "Color updated successfully !",
        "MISSING_UPDATE_FOR_ADMIN": "Missing data in SuperAdminController.updateForAdmin request !",
        "YOU_ARE_NOT_APPLICABLE_TO_UPDATE_VERSION": "You are not applicable to update version !",
        "MISSING_GET_REPORTED_OBJECT": "Missing data in SuperAdminController.getReportedObject request !",
        "REPORTED_OBJECT_FETCHED_SUCCESS": "Reported object fetched successfully !",
        "REPORTED_EXPERIENCE_FETCHED_SUCCESS": "Reported experience fetched successfully !",
        "REPORTED_POST_FETCHED_SUCCESS": "Reported post fetched successfully !",
        "REPORTED_ACTIVITY_FETCHED_SUCCESS": "Reported activity fetched successfully !",
        "MISSING_GET_INCOME": "Missing data in SuperAdminController.getIncome request !",
        "INCOME_FETCHED_SUCCESS": "Income fetched successfully !",
        "VERSION_FETCHED_SUCCESS": "Version fetched successfully !",
        "MISSING_GET_ALL_REPORT_BY_PARENT_ID": "Missing data in SuperAdminController.getAllReportByParentId request !",
        "REPORT_FETCHED_SUCCESS": "Report fetched successfully !",
        "MISSING_DELETE_BY_ADMIN": "Missing data in SuperAdminController.deleteByAdmin request !",
        "MISSING_ADD_FUNCTION_DATA": "Missing data in SuperAdminController.addFunctionData request !",
        "FUNCTION_DATA_ADDED_SUCCESS": "Function data added successfully !",
        "MISSING_GET_ALL_FOR_DISABLE": "Missing data in SuperAdminController.getAllForDisable request !",
        "REPORTED_USER_FETCHED_SUCCESS": "Reported user fetched successfully !",
        "DISABLE_DATA_FETCHED_SUCCESS": "Disable data fetched successfully !",
        "MISSING_ENABLE_AND_DISABLE_USER": "Missing data in SuperAdminController.enableAndDisableUser request !",
        "USER_ENABLED_SUCCESS": "User enabled successfully !",
        "USER_DISABLED_SUCCESS": "User disabled successfully !",
        "MISSING_PIN_EXPERIENCE": "Missing data in SuperAdminController.pinExperience request !",
        "PINNED_SUCCESS": "pinned successfully !",
        "UNPINNED_SUCCESS": "UnPinned successfully !",
        "MISSING_UPDATE_VERSION": "Missing data in SuperAdminController.updateVersion request !",
        "VERSION_UPDATED_SUCCESS": "Version updated successfully !",
        "MISSING_GET_VERSION": "Missing data in SuperAdminController.getVersion request !",
        "MISSING_ENABLE_AND_DISABLE_EXPERIENCE": "Missing data in SuperAdminController.enableAndDisableExperience request !",
        "EXPERIENCE_ENABLED_SUCCESS": "Experience enabled successfully !",
        "EXPERIENCE_DISABLED_SUCCESS": "Experience disabled successfully !",
        "MISSING_ENABLE_AND_DISABLE_POST": "Missing data in SuperAdminController.enableAndDisablePost request !",
        "POST_ENABLED_SUCCESS": "Post enabled successfully !",
        "POST_DISABLED_SUCCESS": "Post disabled successfully !",
        "MISSING_ENABLE_AND_DISABLE_ACTIVITY": "Missing data in SuperAdminController.enableAndDisableActivity request !",
        "ACTIVITY_ENABLED_SUCCESS": "Activity enabled successfully !",
        "ACTIVITY_DISABLED_SUCCESS": "Activity disabled successfully !",
        "MISSING_BLOCK_UNBLOCK_USER": "Missing data in SuperAdminController.blockUnblockUser request !",
        "MISSING_FREE_TICKET": "Missing data in SuperAdminController.freeTicket request !",
        "USER_BLOCKED_SUCCESS": "User blocked successfully !",
        "USER_UNBLOCKED_SUCCESS": "User unblocked successfully !",
        "INVALID_FUNCTION_FOR": "Invalid function for this user !"
    },
    "FUNCTIONDETAIL": {
        "MISSING_CREATE": "Missing data in FunctionDetailController.create request !",
        "MISSING_UPDATE": "Missing data in FunctionDetailController.update request !",
        "ALREADY_REQUESTED": "Already Requested !",
        "REQUESTED_SENT_SUCCESS": "Requested sent successfully !",
        "FUNCTIONDETAIL_FETCHED_SUCCESS": "FunctionDetail fetched successfully !",
        "FUNCTIONDETAIL_ERROR": "Error getting FunctionDetail !",
        "FUNCTIONDETAIL_UPDATED_SUCCESS": "FunctionDetail update successfully !",
        "MISSING_GET_FUNCTION_DETAILS_BY_FUNCTION_NAME": "Missing data in FunctionDetailController.getFunctionDetailsBYFunctionName request !",
        "FUNCTIONDETAIL_ID_NOT_FOUND": "FunctionDetail with the specified ID does not exists !",
        "MISSING_GET_FUNCTION_DETAILS_FOR_EXPERIENCE": "Missing data in FunctionDetailController.getFunctionDetailsForExperience request !"
    },
    "PAYMENT": {
        "MISSING_PAY": "Missing data in PaymentController.pay request !",
        "QUANTITY_NOT_AVAILABLE": "Quantity is not available !",
        "YOU_CAN_BUY_MAXIMUN": "`You can buy a maximum of",
        "INVALID_PRICE": "Invalid price !",
        "INVALID_SUB_TOTAL": "Invalid subtotal !",
        "SEATIONG_NOT_AVAILABLE": "Seating is not available !",
        "MODEL_NOT_FOUND": "Model is not found !",
        "MODEL_BEING_CONFIRM": "Model is being confirmed !",
        "ITEAM_BIDBY_REQUIRED": "Iteam detail inside bidBy is required!",
        "ITEAM_BIDTO_REQUIRED": "Iteam detail inside bidTo is required!",
        "ITEAM_BIDBY_NUMBER_REQUIRED": "Iteam detail inside bidBy is required!",
        "ITEAM_BIDTO_NUMBER_REQUIRED": "Iteam detail inside bidTo is required!",
        "BIDBY_BIDTO_BOTH_SAME": "Iteam detail inside bidTo and bidBy both are not same!",
        "NOT_MATCH_ACTUAL_PRICE": "Iteam detail inside itemPrice do not match actual price!",
        "PAYMENT_DETAIL_NOT_PROPER": "Payment detail is not proper!",
        "PAYMENT_SUCCESS": "Payment successfully done!",
        "MISSING_BUYLAND": "Missing data in PaymentController.buyLand request !",
        "YOU_DONT_HAVE_ENOUGH_SOIL": "You don't have enough soil !",
        "BUY_LAND_SUCCESS": "Buy land successfully done!"
    },
    "WITHDRAWAL": {
        "MISSING_CREATE": "Missing data in WithdrawalController.create request !",
        "WITHDRAWAL_SENT_SUCCESS": "Withdrawal request sent successfully !",
        "MISSING_UPDATE": "Missing data in WithdrawalController.update request !",
        "WITHDRAWAL_UPDATED_SUCCESS": "Withdrawal updated successfully !",
        "WITHDRAWAL_ID_NOT_FOUND": "Withdrawal with the specified ID does not exists !",
        "WITHDRAWAL_FETCHED_SUCCESS": "Withdrawal fetched successfully !",
        "WITHDRAWAL_ERROR": "Error getting Withdrawal !",
        "MISSING_GET_BY_ID": "Missing data in WithdrawalController.getById request !",
        "MISSING_WITHDRAWAL_SETUP": "Missing data in WithdrawalController.withdrawal setup request !",
        "MISSING_DELETE": "Missing data in WithdrawalController.delete request !",
        "WITHDRAWAL_DELETED_SUCCESS": "Withdrawal deleted successfully !",
        "WITHDRAWAL_SETUP_SUCCESS": "Withdrawal set up successfully !",
        "WITHDRAWAL_SETUP_ERROR": "Error setting up Withdrawal !",
        "WITHDRAWAL_ALREADY_REQUESTED": "Withdrawal already requested !",
        "INSUFFICIENT_FUNDS": "Insufficient funds !",
        "MISSING_GET_WITHDRAWAL_BY_STATUS": "Missing data in WithdrawalController.getByStatus request !",
        "MISSING_GET_INCOME": "Missing data in WithdrawalController.getIncome request !",
        "WITHDRAWAIL_STATUS_NOT_REQUESTED": "Withdrawal status is not requested !",
        "WITHDRAWAL_ALREADY_COMPLETED": "Withdrawal already completed !",
        "WITHDRAWAL_BANK_ACCOUNT_FETCHED_SUCCESS": "Bank account fetched successfully !"
    },
    "PRIVATEJETS": {
        "PRIVATEJETS_ERROR": "Error getting data !",
        "FETCHED_SUCCESSFULLY": "Data fetched successfully !"
    }
}