{
    "jwt": "eyJhbGciOiJIUzI1NiIsInR5cCI6IkpXVCJ9.eyJpZCI6MTQsImlhdCI6MTY1NzA4NTg4NywiZXhwIjoxNjU5Njc3ODg3fQ.uyjhTUy2kY0H3JF9KB5FFUerUW5A5NvpAQ8tLAeq4N8",
    "seller": {
        "id": "14",
        "email": "shivampatel@gmail.com",
        "firstName": "shivam",
        "lastName": "patel ",
        "phoneNumber": "9409834473",
        "ext": 1212,
        "mobileNumber": "",
        "jobTitle": "Web developer",
        "store": {
            "id": "12",
            "businessInformation": {
                "id": "12",
                "name": "shivam fashion",
                "companyLegalName": "shivam fashion",
                "streetAddress": "surat",
                "city": "surat",
                "state": "WI",
                "postalCode": "394107",
                "websiteUrl": "",
                "isHaveTeam": true,
                "annualSale": "$1000-$10,000",
                "totalEmployees": null,
                "sellerType": "",
                "__typename": "ComponentStoreBusinessInformation"
            },
            "legalDetails": {
                "id": "5",
                "taxClassification": "LLC",
                "countryIncorporation": "ISO 3166-2:IN",
                "taxId": "",
                "foundationYear": "",
                "estimatedAnnualSale": "$1000-$10,000",
                "numberOfEmployees": null,
                "__typename": "ComponentStoreLegalDetails"
            },
            "__typename": "Stores"
        },
        "__typename": "Sellers"
    },
    "__typename": "SellerPayload"
}